request_id,category,quantity,budget,urgency,minimum_quality_requirement,delivery_requirement_days,is_synthetic,synthetic_notice
REQ-0001,Electrical spares,23,6996.60,Planned,80,33,true,FICTIONAL AND SYNTHETIC — FOR RESEARCH AND DEMONSTRATION ONLY. NOT A REAL PROCUREMENT RECORD OR DECISION. NO UAE GOVERNMENT COMMISSIONING OR ENDORSEMENT.
REQ-0002,HVAC components,22,34650.00,Routine,81,60,true,FICTIONAL AND SYNTHETIC — FOR RESEARCH AND DEMONSTRATION ONLY. NOT A REAL PROCUREMENT RECORD OR DECISION. NO UAE GOVERNMENT COMMISSIONING OR ENDORSEMENT.
REQ-0003,Water-pump parts,8,22952.00,Planned,89,28,true,FICTIONAL AND SYNTHETIC — FOR RESEARCH AND DEMONSTRATION ONLY. NOT A REAL PROCUREMENT RECORD OR DECISION. NO UAE GOVERNMENT COMMISSIONING OR ENDORSEMENT.
REQ-0004,Road-maintenance materials,1134,23337.72,Time-sensitive,90,10,true,FICTIONAL AND SYNTHETIC — FOR RESEARCH AND DEMONSTRATION ONLY. NOT A REAL PROCUREMENT RECORD OR DECISION. NO UAE GOVERNMENT COMMISSIONING OR ENDORSEMENT.
REQ-0005,Safety equipment,204,18696.60,Planned,74,23,true,FICTIONAL AND SYNTHETIC — FOR RESEARCH AND DEMONSTRATION ONLY. NOT A REAL PROCUREMENT RECORD OR DECISION. NO UAE GOVERNMENT COMMISSIONING OR ENDORSEMENT.
REQ-0006,Electrical spares,22,8980.40,Planned,66,27,true,FICTIONAL AND SYNTHETIC — FOR RESEARCH AND DEMONSTRATION ONLY. NOT A REAL PROCUREMENT RECORD OR DECISION. NO UAE GOVERNMENT COMMISSIONING OR ENDORSEMENT.
REQ-0007,HVAC components,28,55300.00,Planned,85,21,true,FICTIONAL AND SYNTHETIC — FOR RESEARCH AND DEMONSTRATION ONLY. NOT A REAL PROCUREMENT RECORD OR DECISION. NO UAE GOVERNMENT COMMISSIONING OR ENDORSEMENT.
REQ-0008,Water-pump parts,18,53352.00,Planned,72,31,true,FICTIONAL AND SYNTHETIC — FOR RESEARCH AND DEMONSTRATION ONLY. NOT A REAL PROCUREMENT RECORD OR DECISION. NO UAE GOVERNMENT COMMISSIONING OR ENDORSEMENT.
REQ-0009,Road-maintenance materials,814,13903.12,Routine,89,48,true,FICTIONAL AND SYNTHETIC — FOR RESEARCH AND DEMONSTRATION ONLY. NOT A REAL PROCUREMENT RECORD OR DECISION. NO UAE GOVERNMENT COMMISSIONING OR ENDORSEMENT.
REQ-0010,Safety equipment,215,21801.00,Planned,74,34,true,FICTIONAL AND SYNTHETIC — FOR RESEARCH AND DEMONSTRATION ONLY. NOT A REAL PROCUREMENT RECORD OR DECISION. NO UAE GOVERNMENT COMMISSIONING OR ENDORSEMENT.
REQ-0011,Electrical spares,7,2766.40,Planned,67,33,true,FICTIONAL AND SYNTHETIC — FOR RESEARCH AND DEMONSTRATION ONLY. NOT A REAL PROCUREMENT RECORD OR DECISION. NO UAE GOVERNMENT COMMISSIONING OR ENDORSEMENT.
REQ-0012,HVAC components,17,32937.50,Planned,65,28,true,FICTIONAL AND SYNTHETIC — FOR RESEARCH AND DEMONSTRATION ONLY. NOT A REAL PROCUREMENT RECORD OR DECISION. NO UAE GOVERNMENT COMMISSIONING OR ENDORSEMENT.
REQ-0013,Water-pump parts,10,23750.00,Routine,86,60,true,FICTIONAL AND SYNTHETIC — FOR RESEARCH AND DEMONSTRATION ONLY. NOT A REAL PROCUREMENT RECORD OR DECISION. NO UAE GOVERNMENT COMMISSIONING OR ENDORSEMENT.
REQ-0014,Road-maintenance materials,1302,28253.40,Routine,83,48,true,FICTIONAL AND SYNTHETIC — FOR RESEARCH AND DEMONSTRATION ONLY. NOT A REAL PROCUREMENT RECORD OR DECISION. NO UAE GOVERNMENT COMMISSIONING OR ENDORSEMENT.
REQ-0015,Safety equipment,392,34143.20,Routine,82,48,true,FICTIONAL AND SYNTHETIC — FOR RESEARCH AND DEMONSTRATION ONLY. NOT A REAL PROCUREMENT RECORD OR DECISION. NO UAE GOVERNMENT COMMISSIONING OR ENDORSEMENT.
REQ-0016,Electrical spares,42,13977.60,Routine,67,56,true,FICTIONAL AND SYNTHETIC — FOR RESEARCH AND DEMONSTRATION ONLY. NOT A REAL PROCUREMENT RECORD OR DECISION. NO UAE GOVERNMENT COMMISSIONING OR ENDORSEMENT.
REQ-0017,HVAC components,6,9750.00,Planned,87,34,true,FICTIONAL AND SYNTHETIC — FOR RESEARCH AND DEMONSTRATION ONLY. NOT A REAL PROCUREMENT RECORD OR DECISION. NO UAE GOVERNMENT COMMISSIONING OR ENDORSEMENT.
REQ-0018,Water-pump parts,10,21090.00,Planned,69,37,true,FICTIONAL AND SYNTHETIC — FOR RESEARCH AND DEMONSTRATION ONLY. NOT A REAL PROCUREMENT RECORD OR DECISION. NO UAE GOVERNMENT COMMISSIONING OR ENDORSEMENT.
REQ-0019,Road-maintenance materials,1816,40169.92,Time-sensitive,67,20,true,FICTIONAL AND SYNTHETIC — FOR RESEARCH AND DEMONSTRATION ONLY. NOT A REAL PROCUREMENT RECORD OR DECISION. NO UAE GOVERNMENT COMMISSIONING OR ENDORSEMENT.
REQ-0020,Safety equipment,117,11559.60,Time-sensitive,78,12,true,FICTIONAL AND SYNTHETIC — FOR RESEARCH AND DEMONSTRATION ONLY. NOT A REAL PROCUREMENT RECORD OR DECISION. NO UAE GOVERNMENT COMMISSIONING OR ENDORSEMENT.
REQ-0021,Electrical spares,49,19874.40,Time-sensitive,78,18,true,FICTIONAL AND SYNTHETIC — FOR RESEARCH AND DEMONSTRATION ONLY. NOT A REAL PROCUREMENT RECORD OR DECISION. NO UAE GOVERNMENT COMMISSIONING OR ENDORSEMENT.
REQ-0022,HVAC components,6,8250.00,Planned,68,37,true,FICTIONAL AND SYNTHETIC — FOR RESEARCH AND DEMONSTRATION ONLY. NOT A REAL PROCUREMENT RECORD OR DECISION. NO UAE GOVERNMENT COMMISSIONING OR ENDORSEMENT.
REQ-0023,Water-pump parts,6,16302.00,Routine,70,58,true,FICTIONAL AND SYNTHETIC — FOR RESEARCH AND DEMONSTRATION ONLY. NOT A REAL PROCUREMENT RECORD OR DECISION. NO UAE GOVERNMENT COMMISSIONING OR ENDORSEMENT.
REQ-0024,Road-maintenance materials,432,9434.88,Routine,74,60,true,FICTIONAL AND SYNTHETIC — FOR RESEARCH AND DEMONSTRATION ONLY. NOT A REAL PROCUREMENT RECORD OR DECISION. NO UAE GOVERNMENT COMMISSIONING OR ENDORSEMENT.
REQ-0025,Safety equipment,95,9139.00,Time-sensitive,77,15,true,FICTIONAL AND SYNTHETIC — FOR RESEARCH AND DEMONSTRATION ONLY. NOT A REAL PROCUREMENT RECORD OR DECISION. NO UAE GOVERNMENT COMMISSIONING OR ENDORSEMENT.
REQ-0026,Electrical spares,42,13431.60,Planned,73,30,true,FICTIONAL AND SYNTHETIC — FOR RESEARCH AND DEMONSTRATION ONLY. NOT A REAL PROCUREMENT RECORD OR DECISION. NO UAE GOVERNMENT COMMISSIONING OR ENDORSEMENT.
REQ-0027,HVAC components,28,42000.00,Time-sensitive,85,13,true,FICTIONAL AND SYNTHETIC — FOR RESEARCH AND DEMONSTRATION ONLY. NOT A REAL PROCUREMENT RECORD OR DECISION. NO UAE GOVERNMENT COMMISSIONING OR ENDORSEMENT.
REQ-0028,Water-pump parts,7,18487.00,Planned,90,38,true,FICTIONAL AND SYNTHETIC — FOR RESEARCH AND DEMONSTRATION ONLY. NOT A REAL PROCUREMENT RECORD OR DECISION. NO UAE GOVERNMENT COMMISSIONING OR ENDORSEMENT.
REQ-0029,Road-maintenance materials,136,2132.48,Time-sensitive,67,9,true,FICTIONAL AND SYNTHETIC — FOR RESEARCH AND DEMONSTRATION ONLY. NOT A REAL PROCUREMENT RECORD OR DECISION. NO UAE GOVERNMENT COMMISSIONING OR ENDORSEMENT.
REQ-0030,Safety equipment,66,5233.80,Planned,69,40,true,FICTIONAL AND SYNTHETIC — FOR RESEARCH AND DEMONSTRATION ONLY. NOT A REAL PROCUREMENT RECORD OR DECISION. NO UAE GOVERNMENT COMMISSIONING OR ENDORSEMENT.
REQ-0031,Electrical spares,29,11687.00,Planned,85,24,true,FICTIONAL AND SYNTHETIC — FOR RESEARCH AND DEMONSTRATION ONLY. NOT A REAL PROCUREMENT RECORD OR DECISION. NO UAE GOVERNMENT COMMISSIONING OR ENDORSEMENT.
REQ-0032,HVAC components,19,26600.00,Time-sensitive,77,17,true,FICTIONAL AND SYNTHETIC — FOR RESEARCH AND DEMONSTRATION ONLY. NOT A REAL PROCUREMENT RECORD OR DECISION. NO UAE GOVERNMENT COMMISSIONING OR ENDORSEMENT.
REQ-0033,Water-pump parts,8,17632.00,Routine,74,51,true,FICTIONAL AND SYNTHETIC — FOR RESEARCH AND DEMONSTRATION ONLY. NOT A REAL PROCUREMENT RECORD OR DECISION. NO UAE GOVERNMENT COMMISSIONING OR ENDORSEMENT.
REQ-0034,Road-maintenance materials,1115,19512.50,Routine,75,53,true,FICTIONAL AND SYNTHETIC — FOR RESEARCH AND DEMONSTRATION ONLY. NOT A REAL PROCUREMENT RECORD OR DECISION. NO UAE GOVERNMENT COMMISSIONING OR ENDORSEMENT.
REQ-0035,Safety equipment,63,4627.35,Time-sensitive,78,19,true,FICTIONAL AND SYNTHETIC — FOR RESEARCH AND DEMONSTRATION ONLY. NOT A REAL PROCUREMENT RECORD OR DECISION. NO UAE GOVERNMENT COMMISSIONING OR ENDORSEMENT.
REQ-0036,Electrical spares,32,11564.80,Planned,67,36,true,FICTIONAL AND SYNTHETIC — FOR RESEARCH AND DEMONSTRATION ONLY. NOT A REAL PROCUREMENT RECORD OR DECISION. NO UAE GOVERNMENT COMMISSIONING OR ENDORSEMENT.
REQ-0037,HVAC components,10,15000.00,Routine,84,56,true,FICTIONAL AND SYNTHETIC — FOR RESEARCH AND DEMONSTRATION ONLY. NOT A REAL PROCUREMENT RECORD OR DECISION. NO UAE GOVERNMENT COMMISSIONING OR ENDORSEMENT.
REQ-0038,Water-pump parts,8,24016.00,Routine,75,55,true,FICTIONAL AND SYNTHETIC — FOR RESEARCH AND DEMONSTRATION ONLY. NOT A REAL PROCUREMENT RECORD OR DECISION. NO UAE GOVERNMENT COMMISSIONING OR ENDORSEMENT.
REQ-0039,Road-maintenance materials,1017,16231.32,Routine,72,53,true,FICTIONAL AND SYNTHETIC — FOR RESEARCH AND DEMONSTRATION ONLY. NOT A REAL PROCUREMENT RECORD OR DECISION. NO UAE GOVERNMENT COMMISSIONING OR ENDORSEMENT.
REQ-0040,Safety equipment,142,10706.80,Routine,68,60,true,FICTIONAL AND SYNTHETIC — FOR RESEARCH AND DEMONSTRATION ONLY. NOT A REAL PROCUREMENT RECORD OR DECISION. NO UAE GOVERNMENT COMMISSIONING OR ENDORSEMENT.
REQ-0041,Electrical spares,23,8073.00,Planned,70,27,true,FICTIONAL AND SYNTHETIC — FOR RESEARCH AND DEMONSTRATION ONLY. NOT A REAL PROCUREMENT RECORD OR DECISION. NO UAE GOVERNMENT COMMISSIONING OR ENDORSEMENT.
REQ-0042,HVAC components,21,41737.50,Time-sensitive,78,12,true,FICTIONAL AND SYNTHETIC — FOR RESEARCH AND DEMONSTRATION ONLY. NOT A REAL PROCUREMENT RECORD OR DECISION. NO UAE GOVERNMENT COMMISSIONING OR ENDORSEMENT.
REQ-0043,Water-pump parts,21,55860.00,Routine,90,50,true,FICTIONAL AND SYNTHETIC — FOR RESEARCH AND DEMONSTRATION ONLY. NOT A REAL PROCUREMENT RECORD OR DECISION. NO UAE GOVERNMENT COMMISSIONING OR ENDORSEMENT.
REQ-0044,Road-maintenance materials,1817,37393.86,Routine,70,49,true,FICTIONAL AND SYNTHETIC — FOR RESEARCH AND DEMONSTRATION ONLY. NOT A REAL PROCUREMENT RECORD OR DECISION. NO UAE GOVERNMENT COMMISSIONING OR ENDORSEMENT.
REQ-0045,Safety equipment,245,22295.00,Time-sensitive,80,14,true,FICTIONAL AND SYNTHETIC — FOR RESEARCH AND DEMONSTRATION ONLY. NOT A REAL PROCUREMENT RECORD OR DECISION. NO UAE GOVERNMENT COMMISSIONING OR ENDORSEMENT.
REQ-0046,Electrical spares,42,12558.00,Planned,79,28,true,FICTIONAL AND SYNTHETIC — FOR RESEARCH AND DEMONSTRATION ONLY. NOT A REAL PROCUREMENT RECORD OR DECISION. NO UAE GOVERNMENT COMMISSIONING OR ENDORSEMENT.
REQ-0047,HVAC components,20,31000.00,Planned,87,23,true,FICTIONAL AND SYNTHETIC — FOR RESEARCH AND DEMONSTRATION ONLY. NOT A REAL PROCUREMENT RECORD OR DECISION. NO UAE GOVERNMENT COMMISSIONING OR ENDORSEMENT.
REQ-0048,Water-pump parts,22,66462.00,Time-sensitive,84,11,true,FICTIONAL AND SYNTHETIC — FOR RESEARCH AND DEMONSTRATION ONLY. NOT A REAL PROCUREMENT RECORD OR DECISION. NO UAE GOVERNMENT COMMISSIONING OR ENDORSEMENT.
REQ-0049,Road-maintenance materials,1838,35252.84,Planned,81,28,true,FICTIONAL AND SYNTHETIC — FOR RESEARCH AND DEMONSTRATION ONLY. NOT A REAL PROCUREMENT RECORD OR DECISION. NO UAE GOVERNMENT COMMISSIONING OR ENDORSEMENT.
REQ-0050,Safety equipment,273,20939.10,Time-sensitive,82,20,true,FICTIONAL AND SYNTHETIC — FOR RESEARCH AND DEMONSTRATION ONLY. NOT A REAL PROCUREMENT RECORD OR DECISION. NO UAE GOVERNMENT COMMISSIONING OR ENDORSEMENT.
REQ-0051,Electrical spares,33,10810.80,Time-sensitive,71,16,true,FICTIONAL AND SYNTHETIC — FOR RESEARCH AND DEMONSTRATION ONLY. NOT A REAL PROCUREMENT RECORD OR DECISION. NO UAE GOVERNMENT COMMISSIONING OR ENDORSEMENT.
REQ-0052,HVAC components,21,42000.00,Routine,66,53,true,FICTIONAL AND SYNTHETIC — FOR RESEARCH AND DEMONSTRATION ONLY. NOT A REAL PROCUREMENT RECORD OR DECISION. NO UAE GOVERNMENT COMMISSIONING OR ENDORSEMENT.
REQ-0053,Water-pump parts,5,14250.00,Planned,82,33,true,FICTIONAL AND SYNTHETIC — FOR RESEARCH AND DEMONSTRATION ONLY. NOT A REAL PROCUREMENT RECORD OR DECISION. NO UAE GOVERNMENT COMMISSIONING OR ENDORSEMENT.
REQ-0054,Road-maintenance materials,1549,29492.96,Time-sensitive,70,14,true,FICTIONAL AND SYNTHETIC — FOR RESEARCH AND DEMONSTRATION ONLY. NOT A REAL PROCUREMENT RECORD OR DECISION. NO UAE GOVERNMENT COMMISSIONING OR ENDORSEMENT.
REQ-0055,Safety equipment,188,14419.60,Routine,79,55,true,FICTIONAL AND SYNTHETIC — FOR RESEARCH AND DEMONSTRATION ONLY. NOT A REAL PROCUREMENT RECORD OR DECISION. NO UAE GOVERNMENT COMMISSIONING OR ENDORSEMENT.
REQ-0056,Electrical spares,38,14918.80,Routine,83,54,true,FICTIONAL AND SYNTHETIC — FOR RESEARCH AND DEMONSTRATION ONLY. NOT A REAL PROCUREMENT RECORD OR DECISION. NO UAE GOVERNMENT COMMISSIONING OR ENDORSEMENT.
REQ-0057,HVAC components,25,35625.00,Planned,90,22,true,FICTIONAL AND SYNTHETIC — FOR RESEARCH AND DEMONSTRATION ONLY. NOT A REAL PROCUREMENT RECORD OR DECISION. NO UAE GOVERNMENT COMMISSIONING OR ENDORSEMENT.
REQ-0058,Water-pump parts,3,8379.00,Planned,74,29,true,FICTIONAL AND SYNTHETIC — FOR RESEARCH AND DEMONSTRATION ONLY. NOT A REAL PROCUREMENT RECORD OR DECISION. NO UAE GOVERNMENT COMMISSIONING OR ENDORSEMENT.
REQ-0059,Road-maintenance materials,1288,25425.12,Planned,84,23,true,FICTIONAL AND SYNTHETIC — FOR RESEARCH AND DEMONSTRATION ONLY. NOT A REAL PROCUREMENT RECORD OR DECISION. NO UAE GOVERNMENT COMMISSIONING OR ENDORSEMENT.
REQ-0060,Safety equipment,344,25266.80,Routine,65,59,true,FICTIONAL AND SYNTHETIC — FOR RESEARCH AND DEMONSTRATION ONLY. NOT A REAL PROCUREMENT RECORD OR DECISION. NO UAE GOVERNMENT COMMISSIONING OR ENDORSEMENT.
REQ-0061,Electrical spares,46,17222.40,Time-sensitive,84,18,true,FICTIONAL AND SYNTHETIC — FOR RESEARCH AND DEMONSTRATION ONLY. NOT A REAL PROCUREMENT RECORD OR DECISION. NO UAE GOVERNMENT COMMISSIONING OR ENDORSEMENT.
REQ-0062,HVAC components,9,15975.00,Time-sensitive,67,13,true,FICTIONAL AND SYNTHETIC — FOR RESEARCH AND DEMONSTRATION ONLY. NOT A REAL PROCUREMENT RECORD OR DECISION. NO UAE GOVERNMENT COMMISSIONING OR ENDORSEMENT.
REQ-0063,Water-pump parts,5,14915.00,Planned,73,36,true,FICTIONAL AND SYNTHETIC — FOR RESEARCH AND DEMONSTRATION ONLY. NOT A REAL PROCUREMENT RECORD OR DECISION. NO UAE GOVERNMENT COMMISSIONING OR ENDORSEMENT.
REQ-0064,Road-maintenance materials,513,9192.96,Planned,70,21,true,FICTIONAL AND SYNTHETIC — FOR RESEARCH AND DEMONSTRATION ONLY. NOT A REAL PROCUREMENT RECORD OR DECISION. NO UAE GOVERNMENT COMMISSIONING OR ENDORSEMENT.
REQ-0065,Safety equipment,385,38038.00,Time-sensitive,68,16,true,FICTIONAL AND SYNTHETIC — FOR RESEARCH AND DEMONSTRATION ONLY. NOT A REAL PROCUREMENT RECORD OR DECISION. NO UAE GOVERNMENT COMMISSIONING OR ENDORSEMENT.
REQ-0066,Electrical spares,52,21361.60,Planned,85,22,true,FICTIONAL AND SYNTHETIC — FOR RESEARCH AND DEMONSTRATION ONLY. NOT A REAL PROCUREMENT RECORD OR DECISION. NO UAE GOVERNMENT COMMISSIONING OR ENDORSEMENT.
REQ-0067,HVAC components,8,14500.00,Time-sensitive,74,19,true,FICTIONAL AND SYNTHETIC — FOR RESEARCH AND DEMONSTRATION ONLY. NOT A REAL PROCUREMENT RECORD OR DECISION. NO UAE GOVERNMENT COMMISSIONING OR ENDORSEMENT.
REQ-0068,Water-pump parts,25,66025.00,Planned,75,35,true,FICTIONAL AND SYNTHETIC — FOR RESEARCH AND DEMONSTRATION ONLY. NOT A REAL PROCUREMENT RECORD OR DECISION. NO UAE GOVERNMENT COMMISSIONING OR ENDORSEMENT.
REQ-0069,Road-maintenance materials,1661,28834.96,Time-sensitive,69,19,true,FICTIONAL AND SYNTHETIC — FOR RESEARCH AND DEMONSTRATION ONLY. NOT A REAL PROCUREMENT RECORD OR DECISION. NO UAE GOVERNMENT COMMISSIONING OR ENDORSEMENT.
REQ-0070,Safety equipment,89,7462.65,Routine,76,55,true,FICTIONAL AND SYNTHETIC — FOR RESEARCH AND DEMONSTRATION ONLY. NOT A REAL PROCUREMENT RECORD OR DECISION. NO UAE GOVERNMENT COMMISSIONING OR ENDORSEMENT.
REQ-0071,Electrical spares,58,22016.80,Time-sensitive,80,15,true,FICTIONAL AND SYNTHETIC — FOR RESEARCH AND DEMONSTRATION ONLY. NOT A REAL PROCUREMENT RECORD OR DECISION. NO UAE GOVERNMENT COMMISSIONING OR ENDORSEMENT.
REQ-0072,HVAC components,15,24187.50,Routine,71,47,true,FICTIONAL AND SYNTHETIC — FOR RESEARCH AND DEMONSTRATION ONLY. NOT A REAL PROCUREMENT RECORD OR DECISION. NO UAE GOVERNMENT COMMISSIONING OR ENDORSEMENT.
REQ-0073,Water-pump parts,22,45980.00,Routine,81,45,true,FICTIONAL AND SYNTHETIC — FOR RESEARCH AND DEMONSTRATION ONLY. NOT A REAL PROCUREMENT RECORD OR DECISION. NO UAE GOVERNMENT COMMISSIONING OR ENDORSEMENT.
REQ-0074,Road-maintenance materials,1150,25277.00,Planned,69,27,true,FICTIONAL AND SYNTHETIC — FOR RESEARCH AND DEMONSTRATION ONLY. NOT A REAL PROCUREMENT RECORD OR DECISION. NO UAE GOVERNMENT COMMISSIONING OR ENDORSEMENT.
REQ-0075,Safety equipment,188,19552.00,Planned,81,38,true,FICTIONAL AND SYNTHETIC — FOR RESEARCH AND DEMONSTRATION ONLY. NOT A REAL PROCUREMENT RECORD OR DECISION. NO UAE GOVERNMENT COMMISSIONING OR ENDORSEMENT.
REQ-0076,Electrical spares,46,15428.40,Time-sensitive,72,11,true,FICTIONAL AND SYNTHETIC — FOR RESEARCH AND DEMONSTRATION ONLY. NOT A REAL PROCUREMENT RECORD OR DECISION. NO UAE GOVERNMENT COMMISSIONING OR ENDORSEMENT.
REQ-0077,HVAC components,14,26075.00,Planned,89,37,true,FICTIONAL AND SYNTHETIC — FOR RESEARCH AND DEMONSTRATION ONLY. NOT A REAL PROCUREMENT RECORD OR DECISION. NO UAE GOVERNMENT COMMISSIONING OR ENDORSEMENT.
REQ-0078,Water-pump parts,4,10792.00,Planned,84,22,true,FICTIONAL AND SYNTHETIC — FOR RESEARCH AND DEMONSTRATION ONLY. NOT A REAL PROCUREMENT RECORD OR DECISION. NO UAE GOVERNMENT COMMISSIONING OR ENDORSEMENT.
REQ-0079,Road-maintenance materials,341,6826.82,Planned,80,34,true,FICTIONAL AND SYNTHETIC — FOR RESEARCH AND DEMONSTRATION ONLY. NOT A REAL PROCUREMENT RECORD OR DECISION. NO UAE GOVERNMENT COMMISSIONING OR ENDORSEMENT.
REQ-0080,Safety equipment,260,23153.00,Routine,70,47,true,FICTIONAL AND SYNTHETIC — FOR RESEARCH AND DEMONSTRATION ONLY. NOT A REAL PROCUREMENT RECORD OR DECISION. NO UAE GOVERNMENT COMMISSIONING OR ENDORSEMENT.
REQ-0081,Electrical spares,60,17472.00,Routine,77,60,true,FICTIONAL AND SYNTHETIC — FOR RESEARCH AND DEMONSTRATION ONLY. NOT A REAL PROCUREMENT RECORD OR DECISION. NO UAE GOVERNMENT COMMISSIONING OR ENDORSEMENT.
REQ-0082,HVAC components,25,48750.00,Routine,72,47,true,FICTIONAL AND SYNTHETIC — FOR RESEARCH AND DEMONSTRATION ONLY. NOT A REAL PROCUREMENT RECORD OR DECISION. NO UAE GOVERNMENT COMMISSIONING OR ENDORSEMENT.
REQ-0083,Water-pump parts,16,39216.00,Time-sensitive,86,15,true,FICTIONAL AND SYNTHETIC — FOR RESEARCH AND DEMONSTRATION ONLY. NOT A REAL PROCUREMENT RECORD OR DECISION. NO UAE GOVERNMENT COMMISSIONING OR ENDORSEMENT.
REQ-0084,Road-maintenance materials,1409,25249.28,Time-sensitive,75,14,true,FICTIONAL AND SYNTHETIC — FOR RESEARCH AND DEMONSTRATION ONLY. NOT A REAL PROCUREMENT RECORD OR DECISION. NO UAE GOVERNMENT COMMISSIONING OR ENDORSEMENT.
REQ-0085,Safety equipment,55,4683.25,Time-sensitive,83,8,true,FICTIONAL AND SYNTHETIC — FOR RESEARCH AND DEMONSTRATION ONLY. NOT A REAL PROCUREMENT RECORD OR DECISION. NO UAE GOVERNMENT COMMISSIONING OR ENDORSEMENT.
REQ-0086,Electrical spares,14,5132.40,Time-sensitive,88,15,true,FICTIONAL AND SYNTHETIC — FOR RESEARCH AND DEMONSTRATION ONLY. NOT A REAL PROCUREMENT RECORD OR DECISION. NO UAE GOVERNMENT COMMISSIONING OR ENDORSEMENT.
REQ-0087,HVAC components,26,45500.00,Routine,89,56,true,FICTIONAL AND SYNTHETIC — FOR RESEARCH AND DEMONSTRATION ONLY. NOT A REAL PROCUREMENT RECORD OR DECISION. NO UAE GOVERNMENT COMMISSIONING OR ENDORSEMENT.
REQ-0088,Water-pump parts,16,39824.00,Planned,75,35,true,FICTIONAL AND SYNTHETIC — FOR RESEARCH AND DEMONSTRATION ONLY. NOT A REAL PROCUREMENT RECORD OR DECISION. NO UAE GOVERNMENT COMMISSIONING OR ENDORSEMENT.
REQ-0089,Road-maintenance materials,1866,35267.40,Time-sensitive,73,20,true,FICTIONAL AND SYNTHETIC — FOR RESEARCH AND DEMONSTRATION ONLY. NOT A REAL PROCUREMENT RECORD OR DECISION. NO UAE GOVERNMENT COMMISSIONING OR ENDORSEMENT.
REQ-0090,Safety equipment,305,23195.25,Planned,80,29,true,FICTIONAL AND SYNTHETIC — FOR RESEARCH AND DEMONSTRATION ONLY. NOT A REAL PROCUREMENT RECORD OR DECISION. NO UAE GOVERNMENT COMMISSIONING OR ENDORSEMENT.
REQ-0091,Electrical spares,23,8730.80,Planned,75,32,true,FICTIONAL AND SYNTHETIC — FOR RESEARCH AND DEMONSTRATION ONLY. NOT A REAL PROCUREMENT RECORD OR DECISION. NO UAE GOVERNMENT COMMISSIONING OR ENDORSEMENT.
REQ-0092,HVAC components,30,49500.00,Time-sensitive,87,11,true,FICTIONAL AND SYNTHETIC — FOR RESEARCH AND DEMONSTRATION ONLY. NOT A REAL PROCUREMENT RECORD OR DECISION. NO UAE GOVERNMENT COMMISSIONING OR ENDORSEMENT.
REQ-0093,Water-pump parts,4,11552.00,Planned,86,26,true,FICTIONAL AND SYNTHETIC — FOR RESEARCH AND DEMONSTRATION ONLY. NOT A REAL PROCUREMENT RECORD OR DECISION. NO UAE GOVERNMENT COMMISSIONING OR ENDORSEMENT.
REQ-0094,Road-maintenance materials,1016,16499.84,Time-sensitive,74,8,true,FICTIONAL AND SYNTHETIC — FOR RESEARCH AND DEMONSTRATION ONLY. NOT A REAL PROCUREMENT RECORD OR DECISION. NO UAE GOVERNMENT COMMISSIONING OR ENDORSEMENT.
REQ-0095,Safety equipment,370,27176.50,Time-sensitive,90,16,true,FICTIONAL AND SYNTHETIC — FOR RESEARCH AND DEMONSTRATION ONLY. NOT A REAL PROCUREMENT RECORD OR DECISION. NO UAE GOVERNMENT COMMISSIONING OR ENDORSEMENT.
REQ-0096,Electrical spares,30,8814.00,Planned,68,31,true,FICTIONAL AND SYNTHETIC — FOR RESEARCH AND DEMONSTRATION ONLY. NOT A REAL PROCUREMENT RECORD OR DECISION. NO UAE GOVERNMENT COMMISSIONING OR ENDORSEMENT.
REQ-0097,HVAC components,13,24375.00,Planned,81,29,true,FICTIONAL AND SYNTHETIC — FOR RESEARCH AND DEMONSTRATION ONLY. NOT A REAL PROCUREMENT RECORD OR DECISION. NO UAE GOVERNMENT COMMISSIONING OR ENDORSEMENT.
REQ-0098,Water-pump parts,15,43605.00,Routine,73,45,true,FICTIONAL AND SYNTHETIC — FOR RESEARCH AND DEMONSTRATION ONLY. NOT A REAL PROCUREMENT RECORD OR DECISION. NO UAE GOVERNMENT COMMISSIONING OR ENDORSEMENT.
REQ-0099,Road-maintenance materials,1093,17291.26,Planned,70,22,true,FICTIONAL AND SYNTHETIC — FOR RESEARCH AND DEMONSTRATION ONLY. NOT A REAL PROCUREMENT RECORD OR DECISION. NO UAE GOVERNMENT COMMISSIONING OR ENDORSEMENT.
REQ-0100,Safety equipment,175,17972.50,Routine,72,56,true,FICTIONAL AND SYNTHETIC — FOR RESEARCH AND DEMONSTRATION ONLY. NOT A REAL PROCUREMENT RECORD OR DECISION. NO UAE GOVERNMENT COMMISSIONING OR ENDORSEMENT.
REQ-0101,Electrical spares,16,6489.60,Routine,82,54,true,FICTIONAL AND SYNTHETIC — FOR RESEARCH AND DEMONSTRATION ONLY. NOT A REAL PROCUREMENT RECORD OR DECISION. NO UAE GOVERNMENT COMMISSIONING OR ENDORSEMENT.
REQ-0102,HVAC components,11,17600.00,Routine,68,49,true,FICTIONAL AND SYNTHETIC — FOR RESEARCH AND DEMONSTRATION ONLY. NOT A REAL PROCUREMENT RECORD OR DECISION. NO UAE GOVERNMENT COMMISSIONING OR ENDORSEMENT.
REQ-0103,Water-pump parts,10,22610.00,Planned,85,24,true,FICTIONAL AND SYNTHETIC — FOR RESEARCH AND DEMONSTRATION ONLY. NOT A REAL PROCUREMENT RECORD OR DECISION. NO UAE GOVERNMENT COMMISSIONING OR ENDORSEMENT.
REQ-0104,Road-maintenance materials,917,18743.48,Time-sensitive,65,11,true,FICTIONAL AND SYNTHETIC — FOR RESEARCH AND DEMONSTRATION ONLY. NOT A REAL PROCUREMENT RECORD OR DECISION. NO UAE GOVERNMENT COMMISSIONING OR ENDORSEMENT.
REQ-0105,Safety equipment,339,27323.40,Routine,86,51,true,FICTIONAL AND SYNTHETIC — FOR RESEARCH AND DEMONSTRATION ONLY. NOT A REAL PROCUREMENT RECORD OR DECISION. NO UAE GOVERNMENT COMMISSIONING OR ENDORSEMENT.
REQ-0106,Electrical spares,11,4204.20,Planned,73,25,true,FICTIONAL AND SYNTHETIC — FOR RESEARCH AND DEMONSTRATION ONLY. NOT A REAL PROCUREMENT RECORD OR DECISION. NO UAE GOVERNMENT COMMISSIONING OR ENDORSEMENT.
REQ-0107,HVAC components,26,43550.00,Routine,89,56,true,FICTIONAL AND SYNTHETIC — FOR RESEARCH AND DEMONSTRATION ONLY. NOT A REAL PROCUREMENT RECORD OR DECISION. NO UAE GOVERNMENT COMMISSIONING OR ENDORSEMENT.
REQ-0108,Water-pump parts,3,6840.00,Time-sensitive,72,14,true,FICTIONAL AND SYNTHETIC — FOR RESEARCH AND DEMONSTRATION ONLY. NOT A REAL PROCUREMENT RECORD OR DECISION. NO UAE GOVERNMENT COMMISSIONING OR ENDORSEMENT.
REQ-0109,Road-maintenance materials,1148,19447.12,Routine,82,57,true,FICTIONAL AND SYNTHETIC — FOR RESEARCH AND DEMONSTRATION ONLY. NOT A REAL PROCUREMENT RECORD OR DECISION. NO UAE GOVERNMENT COMMISSIONING OR ENDORSEMENT.
REQ-0110,Safety equipment,235,23829.00,Time-sensitive,78,19,true,FICTIONAL AND SYNTHETIC — FOR RESEARCH AND DEMONSTRATION ONLY. NOT A REAL PROCUREMENT RECORD OR DECISION. NO UAE GOVERNMENT COMMISSIONING OR ENDORSEMENT.
REQ-0111,Electrical spares,39,15514.20,Routine,76,56,true,FICTIONAL AND SYNTHETIC — FOR RESEARCH AND DEMONSTRATION ONLY. NOT A REAL PROCUREMENT RECORD OR DECISION. NO UAE GOVERNMENT COMMISSIONING OR ENDORSEMENT.
REQ-0112,HVAC components,25,46562.50,Time-sensitive,81,13,true,FICTIONAL AND SYNTHETIC — FOR RESEARCH AND DEMONSTRATION ONLY. NOT A REAL PROCUREMENT RECORD OR DECISION. NO UAE GOVERNMENT COMMISSIONING OR ENDORSEMENT.
REQ-0113,Water-pump parts,10,22040.00,Routine,78,59,true,FICTIONAL AND SYNTHETIC — FOR RESEARCH AND DEMONSTRATION ONLY. NOT A REAL PROCUREMENT RECORD OR DECISION. NO UAE GOVERNMENT COMMISSIONING OR ENDORSEMENT.
REQ-0114,Road-maintenance materials,999,19300.68,Time-sensitive,86,17,true,FICTIONAL AND SYNTHETIC — FOR RESEARCH AND DEMONSTRATION ONLY. NOT A REAL PROCUREMENT RECORD OR DECISION. NO UAE GOVERNMENT COMMISSIONING OR ENDORSEMENT.
REQ-0115,Safety equipment,126,10073.70,Routine,80,49,true,FICTIONAL AND SYNTHETIC — FOR RESEARCH AND DEMONSTRATION ONLY. NOT A REAL PROCUREMENT RECORD OR DECISION. NO UAE GOVERNMENT COMMISSIONING OR ENDORSEMENT.
REQ-0116,Electrical spares,33,12012.00,Routine,78,45,true,FICTIONAL AND SYNTHETIC — FOR RESEARCH AND DEMONSTRATION ONLY. NOT A REAL PROCUREMENT RECORD OR DECISION. NO UAE GOVERNMENT COMMISSIONING OR ENDORSEMENT.
REQ-0117,HVAC components,27,40162.50,Routine,84,60,true,FICTIONAL AND SYNTHETIC — FOR RESEARCH AND DEMONSTRATION ONLY. NOT A REAL PROCUREMENT RECORD OR DECISION. NO UAE GOVERNMENT COMMISSIONING OR ENDORSEMENT.
REQ-0118,Water-pump parts,3,6954.00,Planned,80,33,true,FICTIONAL AND SYNTHETIC — FOR RESEARCH AND DEMONSTRATION ONLY. NOT A REAL PROCUREMENT RECORD OR DECISION. NO UAE GOVERNMENT COMMISSIONING OR ENDORSEMENT.
REQ-0119,Road-maintenance materials,1592,31426.08,Planned,66,21,true,FICTIONAL AND SYNTHETIC — FOR RESEARCH AND DEMONSTRATION ONLY. NOT A REAL PROCUREMENT RECORD OR DECISION. NO UAE GOVERNMENT COMMISSIONING OR ENDORSEMENT.
REQ-0120,Safety equipment,60,4992.00,Routine,78,48,true,FICTIONAL AND SYNTHETIC — FOR RESEARCH AND DEMONSTRATION ONLY. NOT A REAL PROCUREMENT RECORD OR DECISION. NO UAE GOVERNMENT COMMISSIONING OR ENDORSEMENT.
REQ-0121,Electrical spares,45,15561.00,Planned,87,28,true,FICTIONAL AND SYNTHETIC — FOR RESEARCH AND DEMONSTRATION ONLY. NOT A REAL PROCUREMENT RECORD OR DECISION. NO UAE GOVERNMENT COMMISSIONING OR ENDORSEMENT.
REQ-0122,HVAC components,23,36512.50,Time-sensitive,79,12,true,FICTIONAL AND SYNTHETIC — FOR RESEARCH AND DEMONSTRATION ONLY. NOT A REAL PROCUREMENT RECORD OR DECISION. NO UAE GOVERNMENT COMMISSIONING OR ENDORSEMENT.
REQ-0123,Water-pump parts,14,42028.00,Time-sensitive,89,15,true,FICTIONAL AND SYNTHETIC — FOR RESEARCH AND DEMONSTRATION ONLY. NOT A REAL PROCUREMENT RECORD OR DECISION. NO UAE GOVERNMENT COMMISSIONING OR ENDORSEMENT.
REQ-0124,Road-maintenance materials,1505,31394.30,Planned,74,28,true,FICTIONAL AND SYNTHETIC — FOR RESEARCH AND DEMONSTRATION ONLY. NOT A REAL PROCUREMENT RECORD OR DECISION. NO UAE GOVERNMENT COMMISSIONING OR ENDORSEMENT.
REQ-0125,Safety equipment,74,6397.30,Planned,79,24,true,FICTIONAL AND SYNTHETIC — FOR RESEARCH AND DEMONSTRATION ONLY. NOT A REAL PROCUREMENT RECORD OR DECISION. NO UAE GOVERNMENT COMMISSIONING OR ENDORSEMENT.
REQ-0126,Electrical spares,14,4331.60,Planned,85,28,true,FICTIONAL AND SYNTHETIC — FOR RESEARCH AND DEMONSTRATION ONLY. NOT A REAL PROCUREMENT RECORD OR DECISION. NO UAE GOVERNMENT COMMISSIONING OR ENDORSEMENT.
REQ-0127,HVAC components,18,26325.00,Planned,73,22,true,FICTIONAL AND SYNTHETIC — FOR RESEARCH AND DEMONSTRATION ONLY. NOT A REAL PROCUREMENT RECORD OR DECISION. NO UAE GOVERNMENT COMMISSIONING OR ENDORSEMENT.
REQ-0128,Water-pump parts,22,62700.00,Time-sensitive,74,11,true,FICTIONAL AND SYNTHETIC — FOR RESEARCH AND DEMONSTRATION ONLY. NOT A REAL PROCUREMENT RECORD OR DECISION. NO UAE GOVERNMENT COMMISSIONING OR ENDORSEMENT.
REQ-0129,Road-maintenance materials,1978,35445.76,Routine,90,46,true,FICTIONAL AND SYNTHETIC — FOR RESEARCH AND DEMONSTRATION ONLY. NOT A REAL PROCUREMENT RECORD OR DECISION. NO UAE GOVERNMENT COMMISSIONING OR ENDORSEMENT.
REQ-0130,Safety equipment,308,26626.60,Time-sensitive,77,11,true,FICTIONAL AND SYNTHETIC — FOR RESEARCH AND DEMONSTRATION ONLY. NOT A REAL PROCUREMENT RECORD OR DECISION. NO UAE GOVERNMENT COMMISSIONING OR ENDORSEMENT.
REQ-0131,Electrical spares,55,20163.00,Routine,73,50,true,FICTIONAL AND SYNTHETIC — FOR RESEARCH AND DEMONSTRATION ONLY. NOT A REAL PROCUREMENT RECORD OR DECISION. NO UAE GOVERNMENT COMMISSIONING OR ENDORSEMENT.
REQ-0132,HVAC components,12,18600.00,Time-sensitive,84,9,true,FICTIONAL AND SYNTHETIC — FOR RESEARCH AND DEMONSTRATION ONLY. NOT A REAL PROCUREMENT RECORD OR DECISION. NO UAE GOVERNMENT COMMISSIONING OR ENDORSEMENT.
REQ-0133,Water-pump parts,10,23560.00,Time-sensitive,66,17,true,FICTIONAL AND SYNTHETIC — FOR RESEARCH AND DEMONSTRATION ONLY. NOT A REAL PROCUREMENT RECORD OR DECISION. NO UAE GOVERNMENT COMMISSIONING OR ENDORSEMENT.
REQ-0134,Road-maintenance materials,733,11698.68,Routine,83,50,true,FICTIONAL AND SYNTHETIC — FOR RESEARCH AND DEMONSTRATION ONLY. NOT A REAL PROCUREMENT RECORD OR DECISION. NO UAE GOVERNMENT COMMISSIONING OR ENDORSEMENT.
REQ-0135,Safety equipment,22,1644.50,Routine,87,55,true,FICTIONAL AND SYNTHETIC — FOR RESEARCH AND DEMONSTRATION ONLY. NOT A REAL PROCUREMENT RECORD OR DECISION. NO UAE GOVERNMENT COMMISSIONING OR ENDORSEMENT.
REQ-0136,Electrical spares,11,4290.00,Planned,81,29,true,FICTIONAL AND SYNTHETIC — FOR RESEARCH AND DEMONSTRATION ONLY. NOT A REAL PROCUREMENT RECORD OR DECISION. NO UAE GOVERNMENT COMMISSIONING OR ENDORSEMENT.
REQ-0137,HVAC components,6,9150.00,Routine,75,57,true,FICTIONAL AND SYNTHETIC — FOR RESEARCH AND DEMONSTRATION ONLY. NOT A REAL PROCUREMENT RECORD OR DECISION. NO UAE GOVERNMENT COMMISSIONING OR ENDORSEMENT.
REQ-0138,Water-pump parts,2,5244.00,Time-sensitive,79,14,true,FICTIONAL AND SYNTHETIC — FOR RESEARCH AND DEMONSTRATION ONLY. NOT A REAL PROCUREMENT RECORD OR DECISION. NO UAE GOVERNMENT COMMISSIONING OR ENDORSEMENT.
REQ-0139,Road-maintenance materials,1098,17062.92,Routine,89,48,true,FICTIONAL AND SYNTHETIC — FOR RESEARCH AND DEMONSTRATION ONLY. NOT A REAL PROCUREMENT RECORD OR DECISION. NO UAE GOVERNMENT COMMISSIONING OR ENDORSEMENT.
REQ-0140,Safety equipment,236,20862.40,Routine,78,57,true,FICTIONAL AND SYNTHETIC — FOR RESEARCH AND DEMONSTRATION ONLY. NOT A REAL PROCUREMENT RECORD OR DECISION. NO UAE GOVERNMENT COMMISSIONING OR ENDORSEMENT.
REQ-0141,Electrical spares,49,14141.40,Planned,86,30,true,FICTIONAL AND SYNTHETIC — FOR RESEARCH AND DEMONSTRATION ONLY. NOT A REAL PROCUREMENT RECORD OR DECISION. NO UAE GOVERNMENT COMMISSIONING OR ENDORSEMENT.
REQ-0142,HVAC components,20,40000.00,Routine,82,54,true,FICTIONAL AND SYNTHETIC — FOR RESEARCH AND DEMONSTRATION ONLY. NOT A REAL PROCUREMENT RECORD OR DECISION. NO UAE GOVERNMENT COMMISSIONING OR ENDORSEMENT.
REQ-0143,Water-pump parts,3,8664.00,Routine,75,48,true,FICTIONAL AND SYNTHETIC — FOR RESEARCH AND DEMONSTRATION ONLY. NOT A REAL PROCUREMENT RECORD OR DECISION. NO UAE GOVERNMENT COMMISSIONING OR ENDORSEMENT.
REQ-0144,Road-maintenance materials,477,9549.54,Planned,78,36,true,FICTIONAL AND SYNTHETIC — FOR RESEARCH AND DEMONSTRATION ONLY. NOT A REAL PROCUREMENT RECORD OR DECISION. NO UAE GOVERNMENT COMMISSIONING OR ENDORSEMENT.
REQ-0145,Safety equipment,168,16816.80,Routine,75,51,true,FICTIONAL AND SYNTHETIC — FOR RESEARCH AND DEMONSTRATION ONLY. NOT A REAL PROCUREMENT RECORD OR DECISION. NO UAE GOVERNMENT COMMISSIONING OR ENDORSEMENT.
REQ-0146,Electrical spares,35,10920.00,Routine,88,53,true,FICTIONAL AND SYNTHETIC — FOR RESEARCH AND DEMONSTRATION ONLY. NOT A REAL PROCUREMENT RECORD OR DECISION. NO UAE GOVERNMENT COMMISSIONING OR ENDORSEMENT.
REQ-0147,HVAC components,25,36875.00,Routine,87,52,true,FICTIONAL AND SYNTHETIC — FOR RESEARCH AND DEMONSTRATION ONLY. NOT A REAL PROCUREMENT RECORD OR DECISION. NO UAE GOVERNMENT COMMISSIONING OR ENDORSEMENT.
REQ-0148,Water-pump parts,17,48450.00,Planned,90,28,true,FICTIONAL AND SYNTHETIC — FOR RESEARCH AND DEMONSTRATION ONLY. NOT A REAL PROCUREMENT RECORD OR DECISION. NO UAE GOVERNMENT COMMISSIONING OR ENDORSEMENT.
REQ-0149,Road-maintenance materials,1066,21042.84,Time-sensitive,83,19,true,FICTIONAL AND SYNTHETIC — FOR RESEARCH AND DEMONSTRATION ONLY. NOT A REAL PROCUREMENT RECORD OR DECISION. NO UAE GOVERNMENT COMMISSIONING OR ENDORSEMENT.
REQ-0150,Safety equipment,220,18447.00,Time-sensitive,88,19,true,FICTIONAL AND SYNTHETIC — FOR RESEARCH AND DEMONSTRATION ONLY. NOT A REAL PROCUREMENT RECORD OR DECISION. NO UAE GOVERNMENT COMMISSIONING OR ENDORSEMENT.
REQ-0151,Electrical spares,6,1918.80,Time-sensitive,80,9,true,FICTIONAL AND SYNTHETIC — FOR RESEARCH AND DEMONSTRATION ONLY. NOT A REAL PROCUREMENT RECORD OR DECISION. NO UAE GOVERNMENT COMMISSIONING OR ENDORSEMENT.
REQ-0152,HVAC components,14,27300.00,Time-sensitive,88,18,true,FICTIONAL AND SYNTHETIC — FOR RESEARCH AND DEMONSTRATION ONLY. NOT A REAL PROCUREMENT RECORD OR DECISION. NO UAE GOVERNMENT COMMISSIONING OR ENDORSEMENT.
REQ-0153,Water-pump parts,8,23104.00,Time-sensitive,89,11,true,FICTIONAL AND SYNTHETIC — FOR RESEARCH AND DEMONSTRATION ONLY. NOT A REAL PROCUREMENT RECORD OR DECISION. NO UAE GOVERNMENT COMMISSIONING OR ENDORSEMENT.
REQ-0154,Road-maintenance materials,1485,27234.90,Routine,70,60,true,FICTIONAL AND SYNTHETIC — FOR RESEARCH AND DEMONSTRATION ONLY. NOT A REAL PROCUREMENT RECORD OR DECISION. NO UAE GOVERNMENT COMMISSIONING OR ENDORSEMENT.
REQ-0155,Safety equipment,100,8060.00,Routine,85,55,true,FICTIONAL AND SYNTHETIC — FOR RESEARCH AND DEMONSTRATION ONLY. NOT A REAL PROCUREMENT RECORD OR DECISION. NO UAE GOVERNMENT COMMISSIONING OR ENDORSEMENT.
REQ-0156,Electrical spares,5,1482.00,Routine,80,48,true,FICTIONAL AND SYNTHETIC — FOR RESEARCH AND DEMONSTRATION ONLY. NOT A REAL PROCUREMENT RECORD OR DECISION. NO UAE GOVERNMENT COMMISSIONING OR ENDORSEMENT.
REQ-0157,HVAC components,4,6000.00,Planned,73,37,true,FICTIONAL AND SYNTHETIC — FOR RESEARCH AND DEMONSTRATION ONLY. NOT A REAL PROCUREMENT RECORD OR DECISION. NO UAE GOVERNMENT COMMISSIONING OR ENDORSEMENT.
REQ-0158,Water-pump parts,15,44175.00,Time-sensitive,84,16,true,FICTIONAL AND SYNTHETIC — FOR RESEARCH AND DEMONSTRATION ONLY. NOT A REAL PROCUREMENT RECORD OR DECISION. NO UAE GOVERNMENT COMMISSIONING OR ENDORSEMENT.
REQ-0159,Road-maintenance materials,1525,32025.00,Routine,74,48,true,FICTIONAL AND SYNTHETIC — FOR RESEARCH AND DEMONSTRATION ONLY. NOT A REAL PROCUREMENT RECORD OR DECISION. NO UAE GOVERNMENT COMMISSIONING OR ENDORSEMENT.
REQ-0160,Safety equipment,31,2538.90,Routine,72,60,true,FICTIONAL AND SYNTHETIC — FOR RESEARCH AND DEMONSTRATION ONLY. NOT A REAL PROCUREMENT RECORD OR DECISION. NO UAE GOVERNMENT COMMISSIONING OR ENDORSEMENT.
REQ-0161,Electrical spares,41,16309.80,Routine,87,45,true,FICTIONAL AND SYNTHETIC — FOR RESEARCH AND DEMONSTRATION ONLY. NOT A REAL PROCUREMENT RECORD OR DECISION. NO UAE GOVERNMENT COMMISSIONING OR ENDORSEMENT.
REQ-0162,HVAC components,18,25650.00,Planned,82,22,true,FICTIONAL AND SYNTHETIC — FOR RESEARCH AND DEMONSTRATION ONLY. NOT A REAL PROCUREMENT RECORD OR DECISION. NO UAE GOVERNMENT COMMISSIONING OR ENDORSEMENT.
REQ-0163,Water-pump parts,11,30723.00,Routine,81,60,true,FICTIONAL AND SYNTHETIC — FOR RESEARCH AND DEMONSTRATION ONLY. NOT A REAL PROCUREMENT RECORD OR DECISION. NO UAE GOVERNMENT COMMISSIONING OR ENDORSEMENT.
REQ-0164,Road-maintenance materials,1511,30884.84,Time-sensitive,74,17,true,FICTIONAL AND SYNTHETIC — FOR RESEARCH AND DEMONSTRATION ONLY. NOT A REAL PROCUREMENT RECORD OR DECISION. NO UAE GOVERNMENT COMMISSIONING OR ENDORSEMENT.
REQ-0165,Safety equipment,346,33510.10,Routine,88,49,true,FICTIONAL AND SYNTHETIC — FOR RESEARCH AND DEMONSTRATION ONLY. NOT A REAL PROCUREMENT RECORD OR DECISION. NO UAE GOVERNMENT COMMISSIONING OR ENDORSEMENT.
REQ-0166,Electrical spares,17,6762.60,Planned,82,24,true,FICTIONAL AND SYNTHETIC — FOR RESEARCH AND DEMONSTRATION ONLY. NOT A REAL PROCUREMENT RECORD OR DECISION. NO UAE GOVERNMENT COMMISSIONING OR ENDORSEMENT.
REQ-0167,HVAC components,19,30400.00,Time-sensitive,80,10,true,FICTIONAL AND SYNTHETIC — FOR RESEARCH AND DEMONSTRATION ONLY. NOT A REAL PROCUREMENT RECORD OR DECISION. NO UAE GOVERNMENT COMMISSIONING OR ENDORSEMENT.
REQ-0168,Water-pump parts,23,49381.00,Time-sensitive,70,12,true,FICTIONAL AND SYNTHETIC — FOR RESEARCH AND DEMONSTRATION ONLY. NOT A REAL PROCUREMENT RECORD OR DECISION. NO UAE GOVERNMENT COMMISSIONING OR ENDORSEMENT.
REQ-0169,Road-maintenance materials,1359,22831.20,Planned,89,33,true,FICTIONAL AND SYNTHETIC — FOR RESEARCH AND DEMONSTRATION ONLY. NOT A REAL PROCUREMENT RECORD OR DECISION. NO UAE GOVERNMENT COMMISSIONING OR ENDORSEMENT.
REQ-0170,Safety equipment,231,24024.00,Time-sensitive,86,16,true,FICTIONAL AND SYNTHETIC — FOR RESEARCH AND DEMONSTRATION ONLY. NOT A REAL PROCUREMENT RECORD OR DECISION. NO UAE GOVERNMENT COMMISSIONING OR ENDORSEMENT.
REQ-0171,Electrical spares,39,11762.40,Routine,85,55,true,FICTIONAL AND SYNTHETIC — FOR RESEARCH AND DEMONSTRATION ONLY. NOT A REAL PROCUREMENT RECORD OR DECISION. NO UAE GOVERNMENT COMMISSIONING OR ENDORSEMENT.
REQ-0172,HVAC components,26,45175.00,Routine,71,46,true,FICTIONAL AND SYNTHETIC — FOR RESEARCH AND DEMONSTRATION ONLY. NOT A REAL PROCUREMENT RECORD OR DECISION. NO UAE GOVERNMENT COMMISSIONING OR ENDORSEMENT.
REQ-0173,Water-pump parts,8,23408.00,Planned,85,34,true,FICTIONAL AND SYNTHETIC — FOR RESEARCH AND DEMONSTRATION ONLY. NOT A REAL PROCUREMENT RECORD OR DECISION. NO UAE GOVERNMENT COMMISSIONING OR ENDORSEMENT.
REQ-0174,Road-maintenance materials,1482,27802.32,Time-sensitive,84,19,true,FICTIONAL AND SYNTHETIC — FOR RESEARCH AND DEMONSTRATION ONLY. NOT A REAL PROCUREMENT RECORD OR DECISION. NO UAE GOVERNMENT COMMISSIONING OR ENDORSEMENT.
REQ-0175,Safety equipment,134,11061.70,Planned,87,27,true,FICTIONAL AND SYNTHETIC — FOR RESEARCH AND DEMONSTRATION ONLY. NOT A REAL PROCUREMENT RECORD OR DECISION. NO UAE GOVERNMENT COMMISSIONING OR ENDORSEMENT.
REQ-0176,Electrical spares,39,12675.00,Routine,81,60,true,FICTIONAL AND SYNTHETIC — FOR RESEARCH AND DEMONSTRATION ONLY. NOT A REAL PROCUREMENT RECORD OR DECISION. NO UAE GOVERNMENT COMMISSIONING OR ENDORSEMENT.
REQ-0177,HVAC components,30,45750.00,Planned,75,25,true,FICTIONAL AND SYNTHETIC — FOR RESEARCH AND DEMONSTRATION ONLY. NOT A REAL PROCUREMENT RECORD OR DECISION. NO UAE GOVERNMENT COMMISSIONING OR ENDORSEMENT.
REQ-0178,Water-pump parts,25,71250.00,Routine,71,57,true,FICTIONAL AND SYNTHETIC — FOR RESEARCH AND DEMONSTRATION ONLY. NOT A REAL PROCUREMENT RECORD OR DECISION. NO UAE GOVERNMENT COMMISSIONING OR ENDORSEMENT.
REQ-0179,Road-maintenance materials,1094,18532.36,Planned,84,29,true,FICTIONAL AND SYNTHETIC — FOR RESEARCH AND DEMONSTRATION ONLY. NOT A REAL PROCUREMENT RECORD OR DECISION. NO UAE GOVERNMENT COMMISSIONING OR ENDORSEMENT.
REQ-0180,Safety equipment,367,32919.90,Time-sensitive,86,11,true,FICTIONAL AND SYNTHETIC — FOR RESEARCH AND DEMONSTRATION ONLY. NOT A REAL PROCUREMENT RECORD OR DECISION. NO UAE GOVERNMENT COMMISSIONING OR ENDORSEMENT.
REQ-0181,Electrical spares,42,13977.60,Time-sensitive,74,13,true,FICTIONAL AND SYNTHETIC — FOR RESEARCH AND DEMONSTRATION ONLY. NOT A REAL PROCUREMENT RECORD OR DECISION. NO UAE GOVERNMENT COMMISSIONING OR ENDORSEMENT.
REQ-0182,HVAC components,2,2825.00,Time-sensitive,81,12,true,FICTIONAL AND SYNTHETIC — FOR RESEARCH AND DEMONSTRATION ONLY. NOT A REAL PROCUREMENT RECORD OR DECISION. NO UAE GOVERNMENT COMMISSIONING OR ENDORSEMENT.
REQ-0183,Water-pump parts,17,47804.00,Time-sensitive,67,11,true,FICTIONAL AND SYNTHETIC — FOR RESEARCH AND DEMONSTRATION ONLY. NOT A REAL PROCUREMENT RECORD OR DECISION. NO UAE GOVERNMENT COMMISSIONING OR ENDORSEMENT.
REQ-0184,Road-maintenance materials,976,15850.24,Routine,73,58,true,FICTIONAL AND SYNTHETIC — FOR RESEARCH AND DEMONSTRATION ONLY. NOT A REAL PROCUREMENT RECORD OR DECISION. NO UAE GOVERNMENT COMMISSIONING OR ENDORSEMENT.
REQ-0185,Safety equipment,254,25755.60,Routine,89,48,true,FICTIONAL AND SYNTHETIC — FOR RESEARCH AND DEMONSTRATION ONLY. NOT A REAL PROCUREMENT RECORD OR DECISION. NO UAE GOVERNMENT COMMISSIONING OR ENDORSEMENT.
REQ-0186,Electrical spares,10,4004.00,Routine,67,57,true,FICTIONAL AND SYNTHETIC — FOR RESEARCH AND DEMONSTRATION ONLY. NOT A REAL PROCUREMENT RECORD OR DECISION. NO UAE GOVERNMENT COMMISSIONING OR ENDORSEMENT.
REQ-0187,HVAC components,4,6050.00,Routine,74,46,true,FICTIONAL AND SYNTHETIC — FOR RESEARCH AND DEMONSTRATION ONLY. NOT A REAL PROCUREMENT RECORD OR DECISION. NO UAE GOVERNMENT COMMISSIONING OR ENDORSEMENT.
REQ-0188,Water-pump parts,12,29640.00,Routine,81,46,true,FICTIONAL AND SYNTHETIC — FOR RESEARCH AND DEMONSTRATION ONLY. NOT A REAL PROCUREMENT RECORD OR DECISION. NO UAE GOVERNMENT COMMISSIONING OR ENDORSEMENT.
REQ-0189,Road-maintenance materials,795,13912.50,Planned,89,36,true,FICTIONAL AND SYNTHETIC — FOR RESEARCH AND DEMONSTRATION ONLY. NOT A REAL PROCUREMENT RECORD OR DECISION. NO UAE GOVERNMENT COMMISSIONING OR ENDORSEMENT.
REQ-0190,Safety equipment,321,32549.40,Routine,77,58,true,FICTIONAL AND SYNTHETIC — FOR RESEARCH AND DEMONSTRATION ONLY. NOT A REAL PROCUREMENT RECORD OR DECISION. NO UAE GOVERNMENT COMMISSIONING OR ENDORSEMENT.
REQ-0191,Electrical spares,57,19266.00,Routine,74,53,true,FICTIONAL AND SYNTHETIC — FOR RESEARCH AND DEMONSTRATION ONLY. NOT A REAL PROCUREMENT RECORD OR DECISION. NO UAE GOVERNMENT COMMISSIONING OR ENDORSEMENT.
REQ-0192,HVAC components,16,28600.00,Routine,81,45,true,FICTIONAL AND SYNTHETIC — FOR RESEARCH AND DEMONSTRATION ONLY. NOT A REAL PROCUREMENT RECORD OR DECISION. NO UAE GOVERNMENT COMMISSIONING OR ENDORSEMENT.
REQ-0193,Water-pump parts,19,47291.00,Time-sensitive,76,9,true,FICTIONAL AND SYNTHETIC — FOR RESEARCH AND DEMONSTRATION ONLY. NOT A REAL PROCUREMENT RECORD OR DECISION. NO UAE GOVERNMENT COMMISSIONING OR ENDORSEMENT.
REQ-0194,Road-maintenance materials,676,14385.28,Planned,71,40,true,FICTIONAL AND SYNTHETIC — FOR RESEARCH AND DEMONSTRATION ONLY. NOT A REAL PROCUREMENT RECORD OR DECISION. NO UAE GOVERNMENT COMMISSIONING OR ENDORSEMENT.
REQ-0195,Safety equipment,64,6406.40,Time-sensitive,86,15,true,FICTIONAL AND SYNTHETIC — FOR RESEARCH AND DEMONSTRATION ONLY. NOT A REAL PROCUREMENT RECORD OR DECISION. NO UAE GOVERNMENT COMMISSIONING OR ENDORSEMENT.
REQ-0196,Electrical spares,45,17433.00,Routine,74,57,true,FICTIONAL AND SYNTHETIC — FOR RESEARCH AND DEMONSTRATION ONLY. NOT A REAL PROCUREMENT RECORD OR DECISION. NO UAE GOVERNMENT COMMISSIONING OR ENDORSEMENT.
REQ-0197,HVAC components,30,57000.00,Planned,79,39,true,FICTIONAL AND SYNTHETIC — FOR RESEARCH AND DEMONSTRATION ONLY. NOT A REAL PROCUREMENT RECORD OR DECISION. NO UAE GOVERNMENT COMMISSIONING OR ENDORSEMENT.
REQ-0198,Water-pump parts,11,33440.00,Planned,80,36,true,FICTIONAL AND SYNTHETIC — FOR RESEARCH AND DEMONSTRATION ONLY. NOT A REAL PROCUREMENT RECORD OR DECISION. NO UAE GOVERNMENT COMMISSIONING OR ENDORSEMENT.
REQ-0199,Road-maintenance materials,277,4420.92,Planned,86,32,true,FICTIONAL AND SYNTHETIC — FOR RESEARCH AND DEMONSTRATION ONLY. NOT A REAL PROCUREMENT RECORD OR DECISION. NO UAE GOVERNMENT COMMISSIONING OR ENDORSEMENT.
REQ-0200,Safety equipment,260,23660.00,Routine,79,56,true,FICTIONAL AND SYNTHETIC — FOR RESEARCH AND DEMONSTRATION ONLY. NOT A REAL PROCUREMENT RECORD OR DECISION. NO UAE GOVERNMENT COMMISSIONING OR ENDORSEMENT.
