supplier_id,fictional_name,category_coverage,sme_flag,incumbent_flag,catalogue_integration_flag,location,quality_score,on_time_delivery_score,risk_score,conflict_risk_flag,is_synthetic,synthetic_notice
SUP-001,Fictional Maintenance Supplier 001,Electrical spares|HVAC components|Road-maintenance materials,false,true,true,Synthetic Zone D,91,80,45,false,true,FICTIONAL AND SYNTHETIC — FOR RESEARCH AND DEMONSTRATION ONLY. NOT A REAL PROCUREMENT RECORD OR DECISION. NO UAE GOVERNMENT COMMISSIONING OR ENDORSEMENT.
SUP-002,Fictional Maintenance Supplier 002,HVAC components,false,true,true,Synthetic Zone F,74,65,6,false,true,FICTIONAL AND SYNTHETIC — FOR RESEARCH AND DEMONSTRATION ONLY. NOT A REAL PROCUREMENT RECORD OR DECISION. NO UAE GOVERNMENT COMMISSIONING OR ENDORSEMENT.
SUP-003,Fictional Maintenance Supplier 003,Water-pump parts,false,false,true,Synthetic Zone D,85,98,31,false,true,FICTIONAL AND SYNTHETIC — FOR RESEARCH AND DEMONSTRATION ONLY. NOT A REAL PROCUREMENT RECORD OR DECISION. NO UAE GOVERNMENT COMMISSIONING OR ENDORSEMENT.
SUP-004,Fictional Maintenance Supplier 004,Road-maintenance materials|Safety equipment,true,false,true,Synthetic Zone A,95,79,15,false,true,FICTIONAL AND SYNTHETIC — FOR RESEARCH AND DEMONSTRATION ONLY. NOT A REAL PROCUREMENT RECORD OR DECISION. NO UAE GOVERNMENT COMMISSIONING OR ENDORSEMENT.
SUP-005,Fictional Maintenance Supplier 005,Safety equipment,false,true,true,Synthetic Zone E,91,90,48,false,true,FICTIONAL AND SYNTHETIC — FOR RESEARCH AND DEMONSTRATION ONLY. NOT A REAL PROCUREMENT RECORD OR DECISION. NO UAE GOVERNMENT COMMISSIONING OR ENDORSEMENT.
SUP-006,Fictional Maintenance Supplier 006,Electrical spares|Water-pump parts|Safety equipment,false,false,true,Synthetic Zone C,71,97,41,false,true,FICTIONAL AND SYNTHETIC — FOR RESEARCH AND DEMONSTRATION ONLY. NOT A REAL PROCUREMENT RECORD OR DECISION. NO UAE GOVERNMENT COMMISSIONING OR ENDORSEMENT.
SUP-007,Fictional Maintenance Supplier 007,HVAC components,true,false,true,Synthetic Zone G,67,64,48,false,true,FICTIONAL AND SYNTHETIC — FOR RESEARCH AND DEMONSTRATION ONLY. NOT A REAL PROCUREMENT RECORD OR DECISION. NO UAE GOVERNMENT COMMISSIONING OR ENDORSEMENT.
SUP-008,Fictional Maintenance Supplier 008,Water-pump parts|Road-maintenance materials,false,false,false,Synthetic Zone D,90,90,54,false,true,FICTIONAL AND SYNTHETIC — FOR RESEARCH AND DEMONSTRATION ONLY. NOT A REAL PROCUREMENT RECORD OR DECISION. NO UAE GOVERNMENT COMMISSIONING OR ENDORSEMENT.
SUP-009,Fictional Maintenance Supplier 009,Road-maintenance materials,true,false,true,Synthetic Zone D,73,77,27,false,true,FICTIONAL AND SYNTHETIC — FOR RESEARCH AND DEMONSTRATION ONLY. NOT A REAL PROCUREMENT RECORD OR DECISION. NO UAE GOVERNMENT COMMISSIONING OR ENDORSEMENT.
SUP-010,Fictional Maintenance Supplier 010,Safety equipment,false,false,false,Synthetic Zone G,71,98,47,false,true,FICTIONAL AND SYNTHETIC — FOR RESEARCH AND DEMONSTRATION ONLY. NOT A REAL PROCUREMENT RECORD OR DECISION. NO UAE GOVERNMENT COMMISSIONING OR ENDORSEMENT.
SUP-011,Fictional Maintenance Supplier 011,Electrical spares|Water-pump parts,false,false,true,Synthetic Zone J,96,55,11,false,true,FICTIONAL AND SYNTHETIC — FOR RESEARCH AND DEMONSTRATION ONLY. NOT A REAL PROCUREMENT RECORD OR DECISION. NO UAE GOVERNMENT COMMISSIONING OR ENDORSEMENT.
SUP-012,Fictional Maintenance Supplier 012,HVAC components|Road-maintenance materials,true,false,true,Synthetic Zone F,78,95,52,false,true,FICTIONAL AND SYNTHETIC — FOR RESEARCH AND DEMONSTRATION ONLY. NOT A REAL PROCUREMENT RECORD OR DECISION. NO UAE GOVERNMENT COMMISSIONING OR ENDORSEMENT.
SUP-013,Fictional Maintenance Supplier 013,Electrical spares|Water-pump parts|Road-maintenance materials,false,true,true,Synthetic Zone D,85,58,16,false,true,FICTIONAL AND SYNTHETIC — FOR RESEARCH AND DEMONSTRATION ONLY. NOT A REAL PROCUREMENT RECORD OR DECISION. NO UAE GOVERNMENT COMMISSIONING OR ENDORSEMENT.
SUP-014,Fictional Maintenance Supplier 014,Electrical spares|Water-pump parts|Road-maintenance materials,false,false,true,Synthetic Zone J,96,99,32,false,true,FICTIONAL AND SYNTHETIC — FOR RESEARCH AND DEMONSTRATION ONLY. NOT A REAL PROCUREMENT RECORD OR DECISION. NO UAE GOVERNMENT COMMISSIONING OR ENDORSEMENT.
SUP-015,Fictional Maintenance Supplier 015,HVAC components|Water-pump parts|Safety equipment,true,false,true,Synthetic Zone B,79,57,10,false,true,FICTIONAL AND SYNTHETIC — FOR RESEARCH AND DEMONSTRATION ONLY. NOT A REAL PROCUREMENT RECORD OR DECISION. NO UAE GOVERNMENT COMMISSIONING OR ENDORSEMENT.
SUP-016,Fictional Maintenance Supplier 016,Electrical spares,false,false,true,Synthetic Zone J,98,88,53,false,true,FICTIONAL AND SYNTHETIC — FOR RESEARCH AND DEMONSTRATION ONLY. NOT A REAL PROCUREMENT RECORD OR DECISION. NO UAE GOVERNMENT COMMISSIONING OR ENDORSEMENT.
SUP-017,Fictional Maintenance Supplier 017,HVAC components,false,true,true,Synthetic Zone G,71,73,34,false,true,FICTIONAL AND SYNTHETIC — FOR RESEARCH AND DEMONSTRATION ONLY. NOT A REAL PROCUREMENT RECORD OR DECISION. NO UAE GOVERNMENT COMMISSIONING OR ENDORSEMENT.
SUP-018,Fictional Maintenance Supplier 018,Electrical spares|Water-pump parts,true,false,true,Synthetic Zone I,80,67,29,false,true,FICTIONAL AND SYNTHETIC — FOR RESEARCH AND DEMONSTRATION ONLY. NOT A REAL PROCUREMENT RECORD OR DECISION. NO UAE GOVERNMENT COMMISSIONING OR ENDORSEMENT.
SUP-019,Fictional Maintenance Supplier 019,Water-pump parts|Road-maintenance materials,true,false,true,Synthetic Zone D,84,95,21,false,true,FICTIONAL AND SYNTHETIC — FOR RESEARCH AND DEMONSTRATION ONLY. NOT A REAL PROCUREMENT RECORD OR DECISION. NO UAE GOVERNMENT COMMISSIONING OR ENDORSEMENT.
SUP-020,Fictional Maintenance Supplier 020,Road-maintenance materials|Safety equipment,true,false,true,Synthetic Zone I,70,85,58,true,true,FICTIONAL AND SYNTHETIC — FOR RESEARCH AND DEMONSTRATION ONLY. NOT A REAL PROCUREMENT RECORD OR DECISION. NO UAE GOVERNMENT COMMISSIONING OR ENDORSEMENT.
SUP-021,Fictional Maintenance Supplier 021,Electrical spares|Safety equipment,true,false,true,Synthetic Zone E,93,85,17,false,true,FICTIONAL AND SYNTHETIC — FOR RESEARCH AND DEMONSTRATION ONLY. NOT A REAL PROCUREMENT RECORD OR DECISION. NO UAE GOVERNMENT COMMISSIONING OR ENDORSEMENT.
SUP-022,Fictional Maintenance Supplier 022,HVAC components,true,false,true,Synthetic Zone I,77,75,22,false,true,FICTIONAL AND SYNTHETIC — FOR RESEARCH AND DEMONSTRATION ONLY. NOT A REAL PROCUREMENT RECORD OR DECISION. NO UAE GOVERNMENT COMMISSIONING OR ENDORSEMENT.
SUP-023,Fictional Maintenance Supplier 023,Water-pump parts|Road-maintenance materials,true,false,true,Synthetic Zone B,89,86,31,false,true,FICTIONAL AND SYNTHETIC — FOR RESEARCH AND DEMONSTRATION ONLY. NOT A REAL PROCUREMENT RECORD OR DECISION. NO UAE GOVERNMENT COMMISSIONING OR ENDORSEMENT.
SUP-024,Fictional Maintenance Supplier 024,Road-maintenance materials,false,false,false,Synthetic Zone J,82,62,22,false,true,FICTIONAL AND SYNTHETIC — FOR RESEARCH AND DEMONSTRATION ONLY. NOT A REAL PROCUREMENT RECORD OR DECISION. NO UAE GOVERNMENT COMMISSIONING OR ENDORSEMENT.
SUP-025,Fictional Maintenance Supplier 025,Water-pump parts|Safety equipment,false,false,true,Synthetic Zone A,68,97,59,false,true,FICTIONAL AND SYNTHETIC — FOR RESEARCH AND DEMONSTRATION ONLY. NOT A REAL PROCUREMENT RECORD OR DECISION. NO UAE GOVERNMENT COMMISSIONING OR ENDORSEMENT.
SUP-026,Fictional Maintenance Supplier 026,Electrical spares|HVAC components|Safety equipment,true,true,false,Synthetic Zone H,87,56,11,false,true,FICTIONAL AND SYNTHETIC — FOR RESEARCH AND DEMONSTRATION ONLY. NOT A REAL PROCUREMENT RECORD OR DECISION. NO UAE GOVERNMENT COMMISSIONING OR ENDORSEMENT.
SUP-027,Fictional Maintenance Supplier 027,HVAC components|Water-pump parts|Road-maintenance materials,true,true,true,Synthetic Zone A,73,95,30,false,true,FICTIONAL AND SYNTHETIC — FOR RESEARCH AND DEMONSTRATION ONLY. NOT A REAL PROCUREMENT RECORD OR DECISION. NO UAE GOVERNMENT COMMISSIONING OR ENDORSEMENT.
SUP-028,Fictional Maintenance Supplier 028,Electrical spares|Water-pump parts,true,false,true,Synthetic Zone A,98,79,31,false,true,FICTIONAL AND SYNTHETIC — FOR RESEARCH AND DEMONSTRATION ONLY. NOT A REAL PROCUREMENT RECORD OR DECISION. NO UAE GOVERNMENT COMMISSIONING OR ENDORSEMENT.
SUP-029,Fictional Maintenance Supplier 029,Road-maintenance materials,true,false,true,Synthetic Zone J,98,97,46,true,true,FICTIONAL AND SYNTHETIC — FOR RESEARCH AND DEMONSTRATION ONLY. NOT A REAL PROCUREMENT RECORD OR DECISION. NO UAE GOVERNMENT COMMISSIONING OR ENDORSEMENT.
SUP-030,Fictional Maintenance Supplier 030,Safety equipment,false,false,false,Synthetic Zone A,73,65,64,false,true,FICTIONAL AND SYNTHETIC — FOR RESEARCH AND DEMONSTRATION ONLY. NOT A REAL PROCUREMENT RECORD OR DECISION. NO UAE GOVERNMENT COMMISSIONING OR ENDORSEMENT.
SUP-031,Fictional Maintenance Supplier 031,Electrical spares|Water-pump parts,true,true,true,Synthetic Zone E,72,95,7,false,true,FICTIONAL AND SYNTHETIC — FOR RESEARCH AND DEMONSTRATION ONLY. NOT A REAL PROCUREMENT RECORD OR DECISION. NO UAE GOVERNMENT COMMISSIONING OR ENDORSEMENT.
SUP-032,Fictional Maintenance Supplier 032,HVAC components,true,false,true,Synthetic Zone J,90,80,59,false,true,FICTIONAL AND SYNTHETIC — FOR RESEARCH AND DEMONSTRATION ONLY. NOT A REAL PROCUREMENT RECORD OR DECISION. NO UAE GOVERNMENT COMMISSIONING OR ENDORSEMENT.
SUP-033,Fictional Maintenance Supplier 033,HVAC components|Water-pump parts|Safety equipment,false,true,false,Synthetic Zone D,61,83,10,false,true,FICTIONAL AND SYNTHETIC — FOR RESEARCH AND DEMONSTRATION ONLY. NOT A REAL PROCUREMENT RECORD OR DECISION. NO UAE GOVERNMENT COMMISSIONING OR ENDORSEMENT.
SUP-034,Fictional Maintenance Supplier 034,HVAC components|Water-pump parts|Road-maintenance materials,true,true,true,Synthetic Zone H,90,83,10,false,true,FICTIONAL AND SYNTHETIC — FOR RESEARCH AND DEMONSTRATION ONLY. NOT A REAL PROCUREMENT RECORD OR DECISION. NO UAE GOVERNMENT COMMISSIONING OR ENDORSEMENT.
SUP-035,Fictional Maintenance Supplier 035,HVAC components|Road-maintenance materials|Safety equipment,true,true,true,Synthetic Zone H,82,87,10,true,true,FICTIONAL AND SYNTHETIC — FOR RESEARCH AND DEMONSTRATION ONLY. NOT A REAL PROCUREMENT RECORD OR DECISION. NO UAE GOVERNMENT COMMISSIONING OR ENDORSEMENT.
SUP-036,Fictional Maintenance Supplier 036,Electrical spares|HVAC components,false,true,false,Synthetic Zone I,98,66,19,false,true,FICTIONAL AND SYNTHETIC — FOR RESEARCH AND DEMONSTRATION ONLY. NOT A REAL PROCUREMENT RECORD OR DECISION. NO UAE GOVERNMENT COMMISSIONING OR ENDORSEMENT.
SUP-037,Fictional Maintenance Supplier 037,HVAC components|Safety equipment,false,false,true,Synthetic Zone B,95,58,12,false,true,FICTIONAL AND SYNTHETIC — FOR RESEARCH AND DEMONSTRATION ONLY. NOT A REAL PROCUREMENT RECORD OR DECISION. NO UAE GOVERNMENT COMMISSIONING OR ENDORSEMENT.
SUP-038,Fictional Maintenance Supplier 038,HVAC components|Water-pump parts|Road-maintenance materials,true,true,true,Synthetic Zone I,74,92,46,false,true,FICTIONAL AND SYNTHETIC — FOR RESEARCH AND DEMONSTRATION ONLY. NOT A REAL PROCUREMENT RECORD OR DECISION. NO UAE GOVERNMENT COMMISSIONING OR ENDORSEMENT.
SUP-039,Fictional Maintenance Supplier 039,Water-pump parts|Road-maintenance materials|Safety equipment,false,false,true,Synthetic Zone H,76,89,18,false,true,FICTIONAL AND SYNTHETIC — FOR RESEARCH AND DEMONSTRATION ONLY. NOT A REAL PROCUREMENT RECORD OR DECISION. NO UAE GOVERNMENT COMMISSIONING OR ENDORSEMENT.
SUP-040,Fictional Maintenance Supplier 040,Safety equipment,false,true,true,Synthetic Zone C,85,77,10,false,true,FICTIONAL AND SYNTHETIC — FOR RESEARCH AND DEMONSTRATION ONLY. NOT A REAL PROCUREMENT RECORD OR DECISION. NO UAE GOVERNMENT COMMISSIONING OR ENDORSEMENT.
SUP-041,Fictional Maintenance Supplier 041,Electrical spares|Safety equipment,true,false,true,Synthetic Zone J,68,95,11,false,true,FICTIONAL AND SYNTHETIC — FOR RESEARCH AND DEMONSTRATION ONLY. NOT A REAL PROCUREMENT RECORD OR DECISION. NO UAE GOVERNMENT COMMISSIONING OR ENDORSEMENT.
SUP-042,Fictional Maintenance Supplier 042,HVAC components|Water-pump parts,false,false,true,Synthetic Zone D,91,62,63,false,true,FICTIONAL AND SYNTHETIC — FOR RESEARCH AND DEMONSTRATION ONLY. NOT A REAL PROCUREMENT RECORD OR DECISION. NO UAE GOVERNMENT COMMISSIONING OR ENDORSEMENT.
SUP-043,Fictional Maintenance Supplier 043,Water-pump parts,true,false,false,Synthetic Zone G,93,75,61,true,true,FICTIONAL AND SYNTHETIC — FOR RESEARCH AND DEMONSTRATION ONLY. NOT A REAL PROCUREMENT RECORD OR DECISION. NO UAE GOVERNMENT COMMISSIONING OR ENDORSEMENT.
SUP-044,Fictional Maintenance Supplier 044,Electrical spares|Road-maintenance materials,false,false,true,Synthetic Zone E,74,89,62,false,true,FICTIONAL AND SYNTHETIC — FOR RESEARCH AND DEMONSTRATION ONLY. NOT A REAL PROCUREMENT RECORD OR DECISION. NO UAE GOVERNMENT COMMISSIONING OR ENDORSEMENT.
SUP-045,Fictional Maintenance Supplier 045,Safety equipment,false,false,true,Synthetic Zone G,63,64,44,false,true,FICTIONAL AND SYNTHETIC — FOR RESEARCH AND DEMONSTRATION ONLY. NOT A REAL PROCUREMENT RECORD OR DECISION. NO UAE GOVERNMENT COMMISSIONING OR ENDORSEMENT.
SUP-046,Fictional Maintenance Supplier 046,Electrical spares,true,true,false,Synthetic Zone F,80,73,63,false,true,FICTIONAL AND SYNTHETIC — FOR RESEARCH AND DEMONSTRATION ONLY. NOT A REAL PROCUREMENT RECORD OR DECISION. NO UAE GOVERNMENT COMMISSIONING OR ENDORSEMENT.
SUP-047,Fictional Maintenance Supplier 047,HVAC components|Water-pump parts|Road-maintenance materials,true,true,true,Synthetic Zone D,69,93,30,true,true,FICTIONAL AND SYNTHETIC — FOR RESEARCH AND DEMONSTRATION ONLY. NOT A REAL PROCUREMENT RECORD OR DECISION. NO UAE GOVERNMENT COMMISSIONING OR ENDORSEMENT.
SUP-048,Fictional Maintenance Supplier 048,Water-pump parts|Road-maintenance materials|Safety equipment,false,false,true,Synthetic Zone D,91,88,15,false,true,FICTIONAL AND SYNTHETIC — FOR RESEARCH AND DEMONSTRATION ONLY. NOT A REAL PROCUREMENT RECORD OR DECISION. NO UAE GOVERNMENT COMMISSIONING OR ENDORSEMENT.
SUP-049,Fictional Maintenance Supplier 049,Electrical spares|Road-maintenance materials|Safety equipment,true,false,true,Synthetic Zone D,85,57,40,false,true,FICTIONAL AND SYNTHETIC — FOR RESEARCH AND DEMONSTRATION ONLY. NOT A REAL PROCUREMENT RECORD OR DECISION. NO UAE GOVERNMENT COMMISSIONING OR ENDORSEMENT.
SUP-050,Fictional Maintenance Supplier 050,Electrical spares|Water-pump parts|Safety equipment,true,false,false,Synthetic Zone J,64,71,43,false,true,FICTIONAL AND SYNTHETIC — FOR RESEARCH AND DEMONSTRATION ONLY. NOT A REAL PROCUREMENT RECORD OR DECISION. NO UAE GOVERNMENT COMMISSIONING OR ENDORSEMENT.
SUP-051,Fictional Maintenance Supplier 051,Electrical spares|HVAC components,false,false,true,Synthetic Zone H,82,79,43,false,true,FICTIONAL AND SYNTHETIC — FOR RESEARCH AND DEMONSTRATION ONLY. NOT A REAL PROCUREMENT RECORD OR DECISION. NO UAE GOVERNMENT COMMISSIONING OR ENDORSEMENT.
SUP-052,Fictional Maintenance Supplier 052,HVAC components|Water-pump parts|Road-maintenance materials,false,false,false,Synthetic Zone D,96,60,64,false,true,FICTIONAL AND SYNTHETIC — FOR RESEARCH AND DEMONSTRATION ONLY. NOT A REAL PROCUREMENT RECORD OR DECISION. NO UAE GOVERNMENT COMMISSIONING OR ENDORSEMENT.
SUP-053,Fictional Maintenance Supplier 053,Water-pump parts,true,true,true,Synthetic Zone E,75,70,60,false,true,FICTIONAL AND SYNTHETIC — FOR RESEARCH AND DEMONSTRATION ONLY. NOT A REAL PROCUREMENT RECORD OR DECISION. NO UAE GOVERNMENT COMMISSIONING OR ENDORSEMENT.
SUP-054,Fictional Maintenance Supplier 054,Electrical spares|Road-maintenance materials,false,false,true,Synthetic Zone B,95,87,45,true,true,FICTIONAL AND SYNTHETIC — FOR RESEARCH AND DEMONSTRATION ONLY. NOT A REAL PROCUREMENT RECORD OR DECISION. NO UAE GOVERNMENT COMMISSIONING OR ENDORSEMENT.
SUP-055,Fictional Maintenance Supplier 055,Safety equipment,true,false,false,Synthetic Zone F,98,58,12,false,true,FICTIONAL AND SYNTHETIC — FOR RESEARCH AND DEMONSTRATION ONLY. NOT A REAL PROCUREMENT RECORD OR DECISION. NO UAE GOVERNMENT COMMISSIONING OR ENDORSEMENT.
SUP-056,Fictional Maintenance Supplier 056,Electrical spares|Road-maintenance materials,true,false,true,Synthetic Zone F,86,63,20,false,true,FICTIONAL AND SYNTHETIC — FOR RESEARCH AND DEMONSTRATION ONLY. NOT A REAL PROCUREMENT RECORD OR DECISION. NO UAE GOVERNMENT COMMISSIONING OR ENDORSEMENT.
SUP-057,Fictional Maintenance Supplier 057,HVAC components,true,false,true,Synthetic Zone C,85,69,49,false,true,FICTIONAL AND SYNTHETIC — FOR RESEARCH AND DEMONSTRATION ONLY. NOT A REAL PROCUREMENT RECORD OR DECISION. NO UAE GOVERNMENT COMMISSIONING OR ENDORSEMENT.
SUP-058,Fictional Maintenance Supplier 058,Water-pump parts,false,false,true,Synthetic Zone B,68,81,30,false,true,FICTIONAL AND SYNTHETIC — FOR RESEARCH AND DEMONSTRATION ONLY. NOT A REAL PROCUREMENT RECORD OR DECISION. NO UAE GOVERNMENT COMMISSIONING OR ENDORSEMENT.
SUP-059,Fictional Maintenance Supplier 059,Water-pump parts|Road-maintenance materials,true,false,true,Synthetic Zone I,65,94,6,false,true,FICTIONAL AND SYNTHETIC — FOR RESEARCH AND DEMONSTRATION ONLY. NOT A REAL PROCUREMENT RECORD OR DECISION. NO UAE GOVERNMENT COMMISSIONING OR ENDORSEMENT.
SUP-060,Fictional Maintenance Supplier 060,Road-maintenance materials|Safety equipment,false,false,true,Synthetic Zone J,66,80,43,false,true,FICTIONAL AND SYNTHETIC — FOR RESEARCH AND DEMONSTRATION ONLY. NOT A REAL PROCUREMENT RECORD OR DECISION. NO UAE GOVERNMENT COMMISSIONING OR ENDORSEMENT.
SUP-061,Fictional Maintenance Supplier 061,Electrical spares|Water-pump parts|Road-maintenance materials,true,false,true,Synthetic Zone G,63,72,14,false,true,FICTIONAL AND SYNTHETIC — FOR RESEARCH AND DEMONSTRATION ONLY. NOT A REAL PROCUREMENT RECORD OR DECISION. NO UAE GOVERNMENT COMMISSIONING OR ENDORSEMENT.
SUP-062,Fictional Maintenance Supplier 062,HVAC components,true,true,false,Synthetic Zone B,94,65,62,false,true,FICTIONAL AND SYNTHETIC — FOR RESEARCH AND DEMONSTRATION ONLY. NOT A REAL PROCUREMENT RECORD OR DECISION. NO UAE GOVERNMENT COMMISSIONING OR ENDORSEMENT.
SUP-063,Fictional Maintenance Supplier 063,Water-pump parts,true,false,true,Synthetic Zone B,89,88,61,false,true,FICTIONAL AND SYNTHETIC — FOR RESEARCH AND DEMONSTRATION ONLY. NOT A REAL PROCUREMENT RECORD OR DECISION. NO UAE GOVERNMENT COMMISSIONING OR ENDORSEMENT.
SUP-064,Fictional Maintenance Supplier 064,Road-maintenance materials,true,false,true,Synthetic Zone F,73,94,23,false,true,FICTIONAL AND SYNTHETIC — FOR RESEARCH AND DEMONSTRATION ONLY. NOT A REAL PROCUREMENT RECORD OR DECISION. NO UAE GOVERNMENT COMMISSIONING OR ENDORSEMENT.
SUP-065,Fictional Maintenance Supplier 065,Electrical spares|Safety equipment,true,true,true,Synthetic Zone I,61,88,24,false,true,FICTIONAL AND SYNTHETIC — FOR RESEARCH AND DEMONSTRATION ONLY. NOT A REAL PROCUREMENT RECORD OR DECISION. NO UAE GOVERNMENT COMMISSIONING OR ENDORSEMENT.
SUP-066,Fictional Maintenance Supplier 066,Electrical spares,true,false,true,Synthetic Zone D,89,91,57,false,true,FICTIONAL AND SYNTHETIC — FOR RESEARCH AND DEMONSTRATION ONLY. NOT A REAL PROCUREMENT RECORD OR DECISION. NO UAE GOVERNMENT COMMISSIONING OR ENDORSEMENT.
SUP-067,Fictional Maintenance Supplier 067,HVAC components,false,false,true,Synthetic Zone F,95,86,61,false,true,FICTIONAL AND SYNTHETIC — FOR RESEARCH AND DEMONSTRATION ONLY. NOT A REAL PROCUREMENT RECORD OR DECISION. NO UAE GOVERNMENT COMMISSIONING OR ENDORSEMENT.
SUP-068,Fictional Maintenance Supplier 068,Water-pump parts,true,false,true,Synthetic Zone H,70,74,6,false,true,FICTIONAL AND SYNTHETIC — FOR RESEARCH AND DEMONSTRATION ONLY. NOT A REAL PROCUREMENT RECORD OR DECISION. NO UAE GOVERNMENT COMMISSIONING OR ENDORSEMENT.
SUP-069,Fictional Maintenance Supplier 069,Electrical spares|HVAC components|Road-maintenance materials,false,true,false,Synthetic Zone I,98,60,18,false,true,FICTIONAL AND SYNTHETIC — FOR RESEARCH AND DEMONSTRATION ONLY. NOT A REAL PROCUREMENT RECORD OR DECISION. NO UAE GOVERNMENT COMMISSIONING OR ENDORSEMENT.
SUP-070,Fictional Maintenance Supplier 070,Safety equipment,false,false,true,Synthetic Zone G,61,55,24,false,true,FICTIONAL AND SYNTHETIC — FOR RESEARCH AND DEMONSTRATION ONLY. NOT A REAL PROCUREMENT RECORD OR DECISION. NO UAE GOVERNMENT COMMISSIONING OR ENDORSEMENT.
SUP-071,Fictional Maintenance Supplier 071,Electrical spares|Road-maintenance materials|Safety equipment,false,false,true,Synthetic Zone J,83,79,34,false,true,FICTIONAL AND SYNTHETIC — FOR RESEARCH AND DEMONSTRATION ONLY. NOT A REAL PROCUREMENT RECORD OR DECISION. NO UAE GOVERNMENT COMMISSIONING OR ENDORSEMENT.
SUP-072,Fictional Maintenance Supplier 072,HVAC components|Water-pump parts,false,true,true,Synthetic Zone E,84,97,8,false,true,FICTIONAL AND SYNTHETIC — FOR RESEARCH AND DEMONSTRATION ONLY. NOT A REAL PROCUREMENT RECORD OR DECISION. NO UAE GOVERNMENT COMMISSIONING OR ENDORSEMENT.
SUP-073,Fictional Maintenance Supplier 073,HVAC components|Water-pump parts,false,true,false,Synthetic Zone D,61,71,49,false,true,FICTIONAL AND SYNTHETIC — FOR RESEARCH AND DEMONSTRATION ONLY. NOT A REAL PROCUREMENT RECORD OR DECISION. NO UAE GOVERNMENT COMMISSIONING OR ENDORSEMENT.
SUP-074,Fictional Maintenance Supplier 074,Electrical spares|Road-maintenance materials,true,false,true,Synthetic Zone B,87,87,60,false,true,FICTIONAL AND SYNTHETIC — FOR RESEARCH AND DEMONSTRATION ONLY. NOT A REAL PROCUREMENT RECORD OR DECISION. NO UAE GOVERNMENT COMMISSIONING OR ENDORSEMENT.
SUP-075,Fictional Maintenance Supplier 075,Electrical spares|HVAC components|Safety equipment,false,true,false,Synthetic Zone B,65,84,24,false,true,FICTIONAL AND SYNTHETIC — FOR RESEARCH AND DEMONSTRATION ONLY. NOT A REAL PROCUREMENT RECORD OR DECISION. NO UAE GOVERNMENT COMMISSIONING OR ENDORSEMENT.
SUP-076,Fictional Maintenance Supplier 076,Electrical spares|Safety equipment,false,false,true,Synthetic Zone A,64,63,10,false,true,FICTIONAL AND SYNTHETIC — FOR RESEARCH AND DEMONSTRATION ONLY. NOT A REAL PROCUREMENT RECORD OR DECISION. NO UAE GOVERNMENT COMMISSIONING OR ENDORSEMENT.
SUP-077,Fictional Maintenance Supplier 077,HVAC components,true,true,false,Synthetic Zone F,71,65,34,false,true,FICTIONAL AND SYNTHETIC — FOR RESEARCH AND DEMONSTRATION ONLY. NOT A REAL PROCUREMENT RECORD OR DECISION. NO UAE GOVERNMENT COMMISSIONING OR ENDORSEMENT.
SUP-078,Fictional Maintenance Supplier 078,Electrical spares|Water-pump parts,true,true,true,Synthetic Zone A,63,89,43,true,true,FICTIONAL AND SYNTHETIC — FOR RESEARCH AND DEMONSTRATION ONLY. NOT A REAL PROCUREMENT RECORD OR DECISION. NO UAE GOVERNMENT COMMISSIONING OR ENDORSEMENT.
SUP-079,Fictional Maintenance Supplier 079,Water-pump parts|Road-maintenance materials,false,false,true,Synthetic Zone C,82,80,35,false,true,FICTIONAL AND SYNTHETIC — FOR RESEARCH AND DEMONSTRATION ONLY. NOT A REAL PROCUREMENT RECORD OR DECISION. NO UAE GOVERNMENT COMMISSIONING OR ENDORSEMENT.
SUP-080,Fictional Maintenance Supplier 080,Water-pump parts|Safety equipment,true,true,true,Synthetic Zone A,98,87,14,false,true,FICTIONAL AND SYNTHETIC — FOR RESEARCH AND DEMONSTRATION ONLY. NOT A REAL PROCUREMENT RECORD OR DECISION. NO UAE GOVERNMENT COMMISSIONING OR ENDORSEMENT.
SUP-081,Fictional Maintenance Supplier 081,Electrical spares|HVAC components,true,false,true,Synthetic Zone D,73,55,59,false,true,FICTIONAL AND SYNTHETIC — FOR RESEARCH AND DEMONSTRATION ONLY. NOT A REAL PROCUREMENT RECORD OR DECISION. NO UAE GOVERNMENT COMMISSIONING OR ENDORSEMENT.
SUP-082,Fictional Maintenance Supplier 082,HVAC components|Water-pump parts,false,true,false,Synthetic Zone A,66,80,53,false,true,FICTIONAL AND SYNTHETIC — FOR RESEARCH AND DEMONSTRATION ONLY. NOT A REAL PROCUREMENT RECORD OR DECISION. NO UAE GOVERNMENT COMMISSIONING OR ENDORSEMENT.
SUP-083,Fictional Maintenance Supplier 083,Electrical spares|Water-pump parts|Road-maintenance materials,true,false,false,Synthetic Zone H,64,90,18,false,true,FICTIONAL AND SYNTHETIC — FOR RESEARCH AND DEMONSTRATION ONLY. NOT A REAL PROCUREMENT RECORD OR DECISION. NO UAE GOVERNMENT COMMISSIONING OR ENDORSEMENT.
SUP-084,Fictional Maintenance Supplier 084,Electrical spares|Road-maintenance materials,false,false,false,Synthetic Zone G,73,77,42,false,true,FICTIONAL AND SYNTHETIC — FOR RESEARCH AND DEMONSTRATION ONLY. NOT A REAL PROCUREMENT RECORD OR DECISION. NO UAE GOVERNMENT COMMISSIONING OR ENDORSEMENT.
SUP-085,Fictional Maintenance Supplier 085,Safety equipment,true,false,true,Synthetic Zone H,86,67,63,false,true,FICTIONAL AND SYNTHETIC — FOR RESEARCH AND DEMONSTRATION ONLY. NOT A REAL PROCUREMENT RECORD OR DECISION. NO UAE GOVERNMENT COMMISSIONING OR ENDORSEMENT.
SUP-086,Fictional Maintenance Supplier 086,Electrical spares|HVAC components|Road-maintenance materials,true,true,false,Synthetic Zone F,61,93,6,false,true,FICTIONAL AND SYNTHETIC — FOR RESEARCH AND DEMONSTRATION ONLY. NOT A REAL PROCUREMENT RECORD OR DECISION. NO UAE GOVERNMENT COMMISSIONING OR ENDORSEMENT.
SUP-087,Fictional Maintenance Supplier 087,HVAC components,true,false,false,Synthetic Zone E,83,69,55,false,true,FICTIONAL AND SYNTHETIC — FOR RESEARCH AND DEMONSTRATION ONLY. NOT A REAL PROCUREMENT RECORD OR DECISION. NO UAE GOVERNMENT COMMISSIONING OR ENDORSEMENT.
SUP-088,Fictional Maintenance Supplier 088,Water-pump parts|Road-maintenance materials|Safety equipment,false,true,false,Synthetic Zone F,85,84,6,true,true,FICTIONAL AND SYNTHETIC — FOR RESEARCH AND DEMONSTRATION ONLY. NOT A REAL PROCUREMENT RECORD OR DECISION. NO UAE GOVERNMENT COMMISSIONING OR ENDORSEMENT.
SUP-089,Fictional Maintenance Supplier 089,Water-pump parts|Road-maintenance materials|Safety equipment,false,false,false,Synthetic Zone H,64,76,24,false,true,FICTIONAL AND SYNTHETIC — FOR RESEARCH AND DEMONSTRATION ONLY. NOT A REAL PROCUREMENT RECORD OR DECISION. NO UAE GOVERNMENT COMMISSIONING OR ENDORSEMENT.
SUP-090,Fictional Maintenance Supplier 090,Safety equipment,false,false,false,Synthetic Zone G,77,68,12,false,true,FICTIONAL AND SYNTHETIC — FOR RESEARCH AND DEMONSTRATION ONLY. NOT A REAL PROCUREMENT RECORD OR DECISION. NO UAE GOVERNMENT COMMISSIONING OR ENDORSEMENT.
SUP-091,Fictional Maintenance Supplier 091,Electrical spares,false,false,true,Synthetic Zone B,98,77,49,false,true,FICTIONAL AND SYNTHETIC — FOR RESEARCH AND DEMONSTRATION ONLY. NOT A REAL PROCUREMENT RECORD OR DECISION. NO UAE GOVERNMENT COMMISSIONING OR ENDORSEMENT.
SUP-092,Fictional Maintenance Supplier 092,HVAC components|Water-pump parts,true,false,true,Synthetic Zone H,68,60,15,false,true,FICTIONAL AND SYNTHETIC — FOR RESEARCH AND DEMONSTRATION ONLY. NOT A REAL PROCUREMENT RECORD OR DECISION. NO UAE GOVERNMENT COMMISSIONING OR ENDORSEMENT.
SUP-093,Fictional Maintenance Supplier 093,HVAC components|Water-pump parts,false,true,false,Synthetic Zone H,69,87,15,false,true,FICTIONAL AND SYNTHETIC — FOR RESEARCH AND DEMONSTRATION ONLY. NOT A REAL PROCUREMENT RECORD OR DECISION. NO UAE GOVERNMENT COMMISSIONING OR ENDORSEMENT.
SUP-094,Fictional Maintenance Supplier 094,HVAC components|Road-maintenance materials,true,false,true,Synthetic Zone E,62,66,6,false,true,FICTIONAL AND SYNTHETIC — FOR RESEARCH AND DEMONSTRATION ONLY. NOT A REAL PROCUREMENT RECORD OR DECISION. NO UAE GOVERNMENT COMMISSIONING OR ENDORSEMENT.
SUP-095,Fictional Maintenance Supplier 095,Safety equipment,true,true,true,Synthetic Zone E,86,83,26,false,true,FICTIONAL AND SYNTHETIC — FOR RESEARCH AND DEMONSTRATION ONLY. NOT A REAL PROCUREMENT RECORD OR DECISION. NO UAE GOVERNMENT COMMISSIONING OR ENDORSEMENT.
SUP-096,Fictional Maintenance Supplier 096,Electrical spares|HVAC components|Road-maintenance materials,false,true,true,Synthetic Zone H,80,70,60,false,true,FICTIONAL AND SYNTHETIC — FOR RESEARCH AND DEMONSTRATION ONLY. NOT A REAL PROCUREMENT RECORD OR DECISION. NO UAE GOVERNMENT COMMISSIONING OR ENDORSEMENT.
SUP-097,Fictional Maintenance Supplier 097,HVAC components,false,false,true,Synthetic Zone H,96,73,13,false,true,FICTIONAL AND SYNTHETIC — FOR RESEARCH AND DEMONSTRATION ONLY. NOT A REAL PROCUREMENT RECORD OR DECISION. NO UAE GOVERNMENT COMMISSIONING OR ENDORSEMENT.
SUP-098,Fictional Maintenance Supplier 098,HVAC components|Water-pump parts|Road-maintenance materials,true,false,true,Synthetic Zone F,62,75,51,false,true,FICTIONAL AND SYNTHETIC — FOR RESEARCH AND DEMONSTRATION ONLY. NOT A REAL PROCUREMENT RECORD OR DECISION. NO UAE GOVERNMENT COMMISSIONING OR ENDORSEMENT.
SUP-099,Fictional Maintenance Supplier 099,Road-maintenance materials,true,false,false,Synthetic Zone A,98,84,6,false,true,FICTIONAL AND SYNTHETIC — FOR RESEARCH AND DEMONSTRATION ONLY. NOT A REAL PROCUREMENT RECORD OR DECISION. NO UAE GOVERNMENT COMMISSIONING OR ENDORSEMENT.
SUP-100,Fictional Maintenance Supplier 100,Electrical spares|Road-maintenance materials|Safety equipment,false,true,false,Synthetic Zone A,89,98,16,false,true,FICTIONAL AND SYNTHETIC — FOR RESEARCH AND DEMONSTRATION ONLY. NOT A REAL PROCUREMENT RECORD OR DECISION. NO UAE GOVERNMENT COMMISSIONING OR ENDORSEMENT.
